/*
Navicat MySQL Data Transfer

Source Server         : MySQL
Source Server Version : 50620
Source Host           : localhost:3306
Source Database       : fewlink

Target Server Type    : MYSQL
Target Server Version : 50620
File Encoding         : 65001

Date: 2015-11-06 17:10:45
*/

SET FOREIGN_KEY_CHECKS=0;

-- ----------------------------
-- Table structure for `blog_category`
-- ----------------------------
DROP TABLE IF EXISTS `blog_category`;
CREATE TABLE `blog_category` (
  `cat_id` int(11) NOT NULL AUTO_INCREMENT,
  `cat_name` varchar(256) DEFAULT NULL,
  `type_id` int(11) DEFAULT NULL,
  `meta_clip` varchar(256) DEFAULT NULL,
  PRIMARY KEY (`cat_id`)
) ENGINE=InnoDB AUTO_INCREMENT=13 DEFAULT CHARSET=latin1;

-- ----------------------------
-- Records of blog_category
-- ----------------------------
INSERT INTO `blog_category` VALUES ('1', 'Facebook', '1', 'blog_facebook');
INSERT INTO `blog_category` VALUES ('2', 'Google +', '1', 'blog_google');
INSERT INTO `blog_category` VALUES ('3', 'Twitter', '1', 'blog_twitter');
INSERT INTO `blog_category` VALUES ('4', 'iPhone', '3', 'blog_iphone');
INSERT INTO `blog_category` VALUES ('5', 'Android', '3', 'blog_android');
INSERT INTO `blog_category` VALUES ('6', 'Windows Phone', '3', 'blog_win_phone');
INSERT INTO `blog_category` VALUES ('7', 'Marketing', '7', 'blog_marketing');
INSERT INTO `blog_category` VALUES ('8', 'Sales', '7', 'blog_sales');
INSERT INTO `blog_category` VALUES ('9', 'Electronics', '2', 'blog_electronics');
INSERT INTO `blog_category` VALUES ('10', 'Software', '4', 'blog_software');
INSERT INTO `blog_category` VALUES ('11', 'E-Commerece', '5', 'blog_ecom');
INSERT INTO `blog_category` VALUES ('12', 'edu', '6', 'blog');

-- ----------------------------
-- Table structure for `blog_details`
-- ----------------------------
DROP TABLE IF EXISTS `blog_details`;
CREATE TABLE `blog_details` (
  `blog_sl` int(11) NOT NULL AUTO_INCREMENT,
  PRIMARY KEY (`blog_sl`)
) ENGINE=InnoDB DEFAULT CHARSET=latin1;

-- ----------------------------
-- Records of blog_details
-- ----------------------------

-- ----------------------------
-- Table structure for `blog_list`
-- ----------------------------
DROP TABLE IF EXISTS `blog_list`;
CREATE TABLE `blog_list` (
  `blog_id` int(11) NOT NULL AUTO_INCREMENT,
  `blog_title` varchar(256) DEFAULT NULL,
  `blog_image` varchar(50) DEFAULT NULL,
  `blog_note` varchar(500) DEFAULT NULL,
  `post_date` timestamp NULL DEFAULT CURRENT_TIMESTAMP ON UPDATE CURRENT_TIMESTAMP,
  `post_person` varchar(256) DEFAULT NULL,
  `fb_url` varchar(256) DEFAULT NULL,
  `meta_title` varchar(500) DEFAULT NULL,
  `meta_description` varchar(500) DEFAULT NULL,
  `meta_keywords` varchar(500) DEFAULT NULL,
  `cat_id` int(11) DEFAULT NULL,
  `blog_details` text,
  PRIMARY KEY (`blog_id`)
) ENGINE=InnoDB AUTO_INCREMENT=40 DEFAULT CHARSET=latin1;

-- ----------------------------
-- Records of blog_list
-- ----------------------------
INSERT INTO `blog_list` VALUES ('1', 'THE NEW PRODUCT FROM APPLE COMPANY', 'blog_big_01.jpg', 'Integer sit amet commodo eros, sed dictum ipsum. Integer sit amet commodo eros. Lorem ipsum dolor sit amet, consectetur adipiscing elit. Vestibul um quis convallis lorem, ac volutpat magna. Suspendisse potenti. Sed lobortis sagittis ante, ut luctus elit pharetra nec. Lorem ipsum dolor sit amet, consectetur adipiscing elit. Vestibulum quis convallis lorem, ac volutpat magna. Suspendisse potenti...', '2015-10-26 23:34:32', 'Shahin Khalifa', null, 'THE NEW PRODUCT FROM APPLE COMPANY', 'THE NEW PRODUCT FROM APPLE COMPANY', 'THE NEW PRODUCT FROM APPLE COMPANY', '1', 'Integer sit amet commodo eros, sed dictum ipsum. Integer sit amet commodo eros. Lorem ipsum dolor sit amet, consectetur adipiscing elit. Vestibul um quis convallis lorem, ac volutpat magna. Suspendisse potenti. Sed lobortis sagittis ante, ut luctus elit pharetra nec. Lorem ipsum dolor sit amet, consectetur adipiscing elit. Vestibulum quis convallis lorem, ac volutpat magna. Suspendisse potenti...');
INSERT INTO `blog_list` VALUES ('2', 'THE NEW PRODUCT FROM APPLE COMPANY', 'blog_big_02.jpg', 'Integer sit amet commodo eros, sed dictum ipsum. Integer sit amet commodo eros. Lorem ipsum dolor sit amet, consectetur adipiscing elit. Vestibul um quis convallis lorem, ac volutpat magna. Suspendisse potenti. Sed lobortis sagittis ante, ut luctus elit pharetra nec. Lorem ipsum dolor sit amet, consectetur adipiscing elit. Vestibulum quis convallis lorem, ac volutpat magna. Suspendisse potenti...', '2015-10-26 23:34:33', 'Shahin Khalifa', null, 'THE NEW PRODUCT FROM APPLE COMPANY', 'THE NEW PRODUCT FROM APPLE COMPANY', 'THE NEW PRODUCT FROM APPLE COMPANY', '2', 'Integer sit amet commodo eros, sed dictum ipsum. Integer sit amet commodo eros. Lorem ipsum dolor sit amet, consectetur adipiscing elit. Vestibul um quis convallis lorem, ac volutpat magna. Suspendisse potenti. Sed lobortis sagittis ante, ut luctus elit pharetra nec. Lorem ipsum dolor sit amet, consectetur adipiscing elit. Vestibulum quis convallis lorem, ac volutpat magna. Suspendisse potenti...');
INSERT INTO `blog_list` VALUES ('3', 'THE NEW PRODUCT FROM APPLE COMPANY', 'blog_big_03.jpg', 'Integer sit amet commodo eros, sed dictum ipsum. Integer sit amet commodo eros. Lorem ipsum dolor sit amet, consectetur adipiscing elit. Vestibul um quis convallis lorem, ac volutpat magna. Suspendisse potenti. Sed lobortis sagittis ante, ut luctus elit pharetra nec. Lorem ipsum dolor sit amet, consectetur adipiscing elit. Vestibulum quis convallis lorem, ac volutpat magna. Suspendisse potenti...', '2015-10-26 23:34:34', 'Shahin Khalifa', null, 'THE NEW PRODUCT FROM APPLE COMPANY', 'THE NEW PRODUCT FROM APPLE COMPANY', 'THE NEW PRODUCT FROM APPLE COMPANY', '3', 'Integer sit amet commodo eros, sed dictum ipsum. Integer sit amet commodo eros. Lorem ipsum dolor sit amet, consectetur adipiscing elit. Vestibul um quis convallis lorem, ac volutpat magna. Suspendisse potenti. Sed lobortis sagittis ante, ut luctus elit pharetra nec. Lorem ipsum dolor sit amet, consectetur adipiscing elit. Vestibulum quis convallis lorem, ac volutpat magna. Suspendisse potenti...');
INSERT INTO `blog_list` VALUES ('4', 'THE NEW PRODUCT FROM APPLE COMPANY', 'blog_big_04.jpg', 'Integer sit amet commodo eros, sed dictum ipsum. Integer sit amet commodo eros. Lorem ipsum dolor sit amet, consectetur adipiscing elit. Vestibul um quis convallis lorem, ac volutpat magna. Suspendisse potenti. Sed lobortis sagittis ante, ut luctus elit pharetra nec. Lorem ipsum dolor sit amet, consectetur adipiscing elit. Vestibulum quis convallis lorem, ac volutpat magna. Suspendisse potenti...', '2015-10-26 23:42:46', 'Shahin Khalifa', null, 'THE NEW PRODUCT FROM APPLE COMPANY', 'THE NEW PRODUCT FROM APPLE COMPANY', 'THE NEW PRODUCT FROM APPLE COMPANY', '4', 'Integer sit amet commodo eros, sed dictum ipsum. Integer sit amet commodo eros. Lorem ipsum dolor sit amet, consectetur adipiscing elit. Vestibul um quis convallis lorem, ac volutpat magna. Suspendisse potenti. Sed lobortis sagittis ante, ut luctus elit pharetra nec. Lorem ipsum dolor sit amet, consectetur adipiscing elit. Vestibulum quis convallis lorem, ac volutpat magna. Suspendisse potenti...');
INSERT INTO `blog_list` VALUES ('5', 'THE NEW PRODUCT FROM APPLE COMPANY', 'blog_big_05.jpg', 'Integer sit amet commodo eros, sed dictum ipsum. Integer sit amet commodo eros. Lorem ipsum dolor sit amet, consectetur adipiscing elit. Vestibul um quis convallis lorem, ac volutpat magna. Suspendisse potenti. Sed lobortis sagittis ante, ut luctus elit pharetra nec. Lorem ipsum dolor sit amet, consectetur adipiscing elit. Vestibulum quis convallis lorem, ac volutpat magna. Suspendisse potenti...', '2015-10-26 23:42:49', 'Shahin Khalifa', null, 'THE NEW PRODUCT FROM APPLE COMPANY', 'THE NEW PRODUCT FROM APPLE COMPANY', 'THE NEW PRODUCT FROM APPLE COMPANY', '5', 'Integer sit amet commodo eros, sed dictum ipsum. Integer sit amet commodo eros. Lorem ipsum dolor sit amet, consectetur adipiscing elit. Vestibul um quis convallis lorem, ac volutpat magna. Suspendisse potenti. Sed lobortis sagittis ante, ut luctus elit pharetra nec. Lorem ipsum dolor sit amet, consectetur adipiscing elit. Vestibulum quis convallis lorem, ac volutpat magna. Suspendisse potenti...');
INSERT INTO `blog_list` VALUES ('6', 'THE NEW PRODUCT FROM APPLE COMPANY', 'blog_big_06.jpg', 'Integer sit amet commodo eros, sed dictum ipsum. Integer sit amet commodo eros. Lorem ipsum dolor sit amet, consectetur adipiscing elit. Vestibul um quis convallis lorem, ac volutpat magna. Suspendisse potenti. Sed lobortis sagittis ante, ut luctus elit pharetra nec. Lorem ipsum dolor sit amet, consectetur adipiscing elit. Vestibulum quis convallis lorem, ac volutpat magna. Suspendisse potenti...', '2015-10-26 23:42:53', 'Shahin Khalifa', null, 'THE NEW PRODUCT FROM APPLE COMPANY', 'THE NEW PRODUCT FROM APPLE COMPANY', 'THE NEW PRODUCT FROM APPLE COMPANY', '6', 'Integer sit amet commodo eros, sed dictum ipsum. Integer sit amet commodo eros. Lorem ipsum dolor sit amet, consectetur adipiscing elit. Vestibul um quis convallis lorem, ac volutpat magna. Suspendisse potenti. Sed lobortis sagittis ante, ut luctus elit pharetra nec. Lorem ipsum dolor sit amet, consectetur adipiscing elit. Vestibulum quis convallis lorem, ac volutpat magna. Suspendisse potenti...');
INSERT INTO `blog_list` VALUES ('7', 'THE NEW PRODUCT FROM APPLE COMPANY', 'blog_big_07.jpg', 'Integer sit amet commodo eros, sed dictum ipsum. Integer sit amet commodo eros. Lorem ipsum dolor sit amet, consectetur adipiscing elit. Vestibul um quis convallis lorem, ac volutpat magna. Suspendisse potenti. Sed lobortis sagittis ante, ut luctus elit pharetra nec. Lorem ipsum dolor sit amet, consectetur adipiscing elit. Vestibulum quis convallis lorem, ac volutpat magna. Suspendisse potenti...', '2015-10-26 23:42:57', 'Shahin Khalifa', null, 'THE NEW PRODUCT FROM APPLE COMPANY', 'THE NEW PRODUCT FROM APPLE COMPANY', 'THE NEW PRODUCT FROM APPLE COMPANY', '7', 'Integer sit amet commodo eros, sed dictum ipsum. Integer sit amet commodo eros. Lorem ipsum dolor sit amet, consectetur adipiscing elit. Vestibul um quis convallis lorem, ac volutpat magna. Suspendisse potenti. Sed lobortis sagittis ante, ut luctus elit pharetra nec. Lorem ipsum dolor sit amet, consectetur adipiscing elit. Vestibulum quis convallis lorem, ac volutpat magna. Suspendisse potenti...');
INSERT INTO `blog_list` VALUES ('8', 'THE NEW PRODUCT FROM APPLE COMPANY', 'blog_big_08.jpg', 'Integer sit amet commodo eros, sed dictum ipsum. Integer sit amet commodo eros. Lorem ipsum dolor sit amet, consectetur adipiscing elit. Vestibul um quis convallis lorem, ac volutpat magna. Suspendisse potenti. Sed lobortis sagittis ante, ut luctus elit pharetra nec. Lorem ipsum dolor sit amet, consectetur adipiscing elit. Vestibulum quis convallis lorem, ac volutpat magna. Suspendisse potenti...', '2015-10-26 23:43:00', 'Shahin Khalifa', null, 'THE NEW PRODUCT FROM APPLE COMPANY', 'THE NEW PRODUCT FROM APPLE COMPANY', 'THE NEW PRODUCT FROM APPLE COMPANY', '8', 'Integer sit amet commodo eros, sed dictum ipsum. Integer sit amet commodo eros. Lorem ipsum dolor sit amet, consectetur adipiscing elit. Vestibul um quis convallis lorem, ac volutpat magna. Suspendisse potenti. Sed lobortis sagittis ante, ut luctus elit pharetra nec. Lorem ipsum dolor sit amet, consectetur adipiscing elit. Vestibulum quis convallis lorem, ac volutpat magna. Suspendisse potenti...');
INSERT INTO `blog_list` VALUES ('9', 'THE NEW PRODUCT FROM APPLE COMPANY', 'blog_big_09.jpg', 'Integer sit amet commodo eros, sed dictum ipsum. Integer sit amet commodo eros. Lorem ipsum dolor sit amet, consectetur adipiscing elit. Vestibul um quis convallis lorem, ac volutpat magna. Suspendisse potenti. Sed lobortis sagittis ante, ut luctus elit pharetra nec. Lorem ipsum dolor sit amet, consectetur adipiscing elit. Vestibulum quis convallis lorem, ac volutpat magna. Suspendisse potenti...', '2015-10-26 23:53:11', 'Shahin Khalifa', null, 'THE NEW PRODUCT FROM APPLE COMPANY', 'THE NEW PRODUCT FROM APPLE COMPANY', 'THE NEW PRODUCT FROM APPLE COMPANY', '1', 'Integer sit amet commodo eros, sed dictum ipsum. Integer sit amet commodo eros. Lorem ipsum dolor sit amet, consectetur adipiscing elit. Vestibul um quis convallis lorem, ac volutpat magna. Suspendisse potenti. Sed lobortis sagittis ante, ut luctus elit pharetra nec. Lorem ipsum dolor sit amet, consectetur adipiscing elit. Vestibulum quis convallis lorem, ac volutpat magna. Suspendisse potenti...');
INSERT INTO `blog_list` VALUES ('10', 'THE NEW PRODUCT FROM APPLE COMPANY', 'blog_big_10.jpg', 'Integer sit amet commodo eros, sed dictum ipsum. Integer sit amet commodo eros. Lorem ipsum dolor sit amet, consectetur adipiscing elit. Vestibul um quis convallis lorem, ac volutpat magna. Suspendisse potenti. Sed lobortis sagittis ante, ut luctus elit pharetra nec. Lorem ipsum dolor sit amet, consectetur adipiscing elit. Vestibulum quis convallis lorem, ac volutpat magna. Suspendisse potenti...', '2015-10-26 23:53:12', 'Shahin Khalifa', null, 'THE NEW PRODUCT FROM APPLE COMPANY', 'THE NEW PRODUCT FROM APPLE COMPANY', 'THE NEW PRODUCT FROM APPLE COMPANY', '2', 'Integer sit amet commodo eros, sed dictum ipsum. Integer sit amet commodo eros. Lorem ipsum dolor sit amet, consectetur adipiscing elit. Vestibul um quis convallis lorem, ac volutpat magna. Suspendisse potenti. Sed lobortis sagittis ante, ut luctus elit pharetra nec. Lorem ipsum dolor sit amet, consectetur adipiscing elit. Vestibulum quis convallis lorem, ac volutpat magna. Suspendisse potenti...');
INSERT INTO `blog_list` VALUES ('11', 'THE NEW PRODUCT FROM APPLE COMPANY', 'blog_big_11.jpg', 'Integer sit amet commodo eros, sed dictum ipsum. Integer sit amet commodo eros. Lorem ipsum dolor sit amet, consectetur adipiscing elit. Vestibul um quis convallis lorem, ac volutpat magna. Suspendisse potenti. Sed lobortis sagittis ante, ut luctus elit pharetra nec. Lorem ipsum dolor sit amet, consectetur adipiscing elit. Vestibulum quis convallis lorem, ac volutpat magna. Suspendisse potenti...', '2015-10-26 23:53:12', 'Shahin Khalifa', null, 'THE NEW PRODUCT FROM APPLE COMPANY', 'THE NEW PRODUCT FROM APPLE COMPANY', 'THE NEW PRODUCT FROM APPLE COMPANY', '3', 'Integer sit amet commodo eros, sed dictum ipsum. Integer sit amet commodo eros. Lorem ipsum dolor sit amet, consectetur adipiscing elit. Vestibul um quis convallis lorem, ac volutpat magna. Suspendisse potenti. Sed lobortis sagittis ante, ut luctus elit pharetra nec. Lorem ipsum dolor sit amet, consectetur adipiscing elit. Vestibulum quis convallis lorem, ac volutpat magna. Suspendisse potenti...');
INSERT INTO `blog_list` VALUES ('12', 'THE NEW PRODUCT FROM APPLE COMPANY', 'blog_big_12.jpg', 'Integer sit amet commodo eros, sed dictum ipsum. Integer sit amet commodo eros. Lorem ipsum dolor sit amet, consectetur adipiscing elit. Vestibul um quis convallis lorem, ac volutpat magna. Suspendisse potenti. Sed lobortis sagittis ante, ut luctus elit pharetra nec. Lorem ipsum dolor sit amet, consectetur adipiscing elit. Vestibulum quis convallis lorem, ac volutpat magna. Suspendisse potenti...', '2015-10-26 23:53:13', 'Shahin Khalifa', null, 'THE NEW PRODUCT FROM APPLE COMPANY', 'THE NEW PRODUCT FROM APPLE COMPANY', 'THE NEW PRODUCT FROM APPLE COMPANY', '4', 'Integer sit amet commodo eros, sed dictum ipsum. Integer sit amet commodo eros. Lorem ipsum dolor sit amet, consectetur adipiscing elit. Vestibul um quis convallis lorem, ac volutpat magna. Suspendisse potenti. Sed lobortis sagittis ante, ut luctus elit pharetra nec. Lorem ipsum dolor sit amet, consectetur adipiscing elit. Vestibulum quis convallis lorem, ac volutpat magna. Suspendisse potenti...');
INSERT INTO `blog_list` VALUES ('13', 'THE NEW PRODUCT FROM APPLE COMPANY', 'blog_big_13.jpg', 'Integer sit amet commodo eros, sed dictum ipsum. Integer sit amet commodo eros. Lorem ipsum dolor sit amet, consectetur adipiscing elit. Vestibul um quis convallis lorem, ac volutpat magna. Suspendisse potenti. Sed lobortis sagittis ante, ut luctus elit pharetra nec. Lorem ipsum dolor sit amet, consectetur adipiscing elit. Vestibulum quis convallis lorem, ac volutpat magna. Suspendisse potenti...', '2015-10-26 23:53:13', 'Shahin Khalifa', null, 'THE NEW PRODUCT FROM APPLE COMPANY', 'THE NEW PRODUCT FROM APPLE COMPANY', 'THE NEW PRODUCT FROM APPLE COMPANY', '5', 'Integer sit amet commodo eros, sed dictum ipsum. Integer sit amet commodo eros. Lorem ipsum dolor sit amet, consectetur adipiscing elit. Vestibul um quis convallis lorem, ac volutpat magna. Suspendisse potenti. Sed lobortis sagittis ante, ut luctus elit pharetra nec. Lorem ipsum dolor sit amet, consectetur adipiscing elit. Vestibulum quis convallis lorem, ac volutpat magna. Suspendisse potenti...');
INSERT INTO `blog_list` VALUES ('14', 'THE NEW PRODUCT FROM APPLE COMPANY', 'blog_big_01.jpg', 'Integer sit amet commodo eros, sed dictum ipsum. Integer sit amet commodo eros. Lorem ipsum dolor sit amet, consectetur adipiscing elit. Vestibul um quis convallis lorem, ac volutpat magna. Suspendisse potenti. Sed lobortis sagittis ante, ut luctus elit pharetra nec. Lorem ipsum dolor sit amet, consectetur adipiscing elit. Vestibulum quis convallis lorem, ac volutpat magna. Suspendisse potenti...', '2015-10-26 23:34:32', 'Shahin Khalifa', '', 'THE NEW PRODUCT FROM APPLE COMPANY', 'THE NEW PRODUCT FROM APPLE COMPANY', 'THE NEW PRODUCT FROM APPLE COMPANY', '1', 'Integer sit amet commodo eros, sed dictum ipsum. Integer sit amet commodo eros. Lorem ipsum dolor sit amet, consectetur adipiscing elit. Vestibul um quis convallis lorem, ac volutpat magna. Suspendisse potenti. Sed lobortis sagittis ante, ut luctus elit pharetra nec. Lorem ipsum dolor sit amet, consectetur adipiscing elit. Vestibulum quis convallis lorem, ac volutpat magna. Suspendisse potenti...');
INSERT INTO `blog_list` VALUES ('15', 'THE NEW PRODUCT FROM APPLE COMPANY', 'blog_big_02.jpg', 'Integer sit amet commodo eros, sed dictum ipsum. Integer sit amet commodo eros. Lorem ipsum dolor sit amet, consectetur adipiscing elit. Vestibul um quis convallis lorem, ac volutpat magna. Suspendisse potenti. Sed lobortis sagittis ante, ut luctus elit pharetra nec. Lorem ipsum dolor sit amet, consectetur adipiscing elit. Vestibulum quis convallis lorem, ac volutpat magna. Suspendisse potenti...', '2015-10-26 23:34:33', 'Shahin Khalifa', '', 'THE NEW PRODUCT FROM APPLE COMPANY', 'THE NEW PRODUCT FROM APPLE COMPANY', 'THE NEW PRODUCT FROM APPLE COMPANY', '2', 'Integer sit amet commodo eros, sed dictum ipsum. Integer sit amet commodo eros. Lorem ipsum dolor sit amet, consectetur adipiscing elit. Vestibul um quis convallis lorem, ac volutpat magna. Suspendisse potenti. Sed lobortis sagittis ante, ut luctus elit pharetra nec. Lorem ipsum dolor sit amet, consectetur adipiscing elit. Vestibulum quis convallis lorem, ac volutpat magna. Suspendisse potenti...');
INSERT INTO `blog_list` VALUES ('16', 'THE NEW PRODUCT FROM APPLE COMPANY', 'blog_big_03.jpg', 'Integer sit amet commodo eros, sed dictum ipsum. Integer sit amet commodo eros. Lorem ipsum dolor sit amet, consectetur adipiscing elit. Vestibul um quis convallis lorem, ac volutpat magna. Suspendisse potenti. Sed lobortis sagittis ante, ut luctus elit pharetra nec. Lorem ipsum dolor sit amet, consectetur adipiscing elit. Vestibulum quis convallis lorem, ac volutpat magna. Suspendisse potenti...', '2015-10-26 23:34:34', 'Shahin Khalifa', '', 'THE NEW PRODUCT FROM APPLE COMPANY', 'THE NEW PRODUCT FROM APPLE COMPANY', 'THE NEW PRODUCT FROM APPLE COMPANY', '3', 'Integer sit amet commodo eros, sed dictum ipsum. Integer sit amet commodo eros. Lorem ipsum dolor sit amet, consectetur adipiscing elit. Vestibul um quis convallis lorem, ac volutpat magna. Suspendisse potenti. Sed lobortis sagittis ante, ut luctus elit pharetra nec. Lorem ipsum dolor sit amet, consectetur adipiscing elit. Vestibulum quis convallis lorem, ac volutpat magna. Suspendisse potenti...');
INSERT INTO `blog_list` VALUES ('17', 'THE NEW PRODUCT FROM APPLE COMPANY', 'blog_big_04.jpg', 'Integer sit amet commodo eros, sed dictum ipsum. Integer sit amet commodo eros. Lorem ipsum dolor sit amet, consectetur adipiscing elit. Vestibul um quis convallis lorem, ac volutpat magna. Suspendisse potenti. Sed lobortis sagittis ante, ut luctus elit pharetra nec. Lorem ipsum dolor sit amet, consectetur adipiscing elit. Vestibulum quis convallis lorem, ac volutpat magna. Suspendisse potenti...', '2015-10-26 23:42:46', 'Shahin Khalifa', '', 'THE NEW PRODUCT FROM APPLE COMPANY', 'THE NEW PRODUCT FROM APPLE COMPANY', 'THE NEW PRODUCT FROM APPLE COMPANY', '4', 'Integer sit amet commodo eros, sed dictum ipsum. Integer sit amet commodo eros. Lorem ipsum dolor sit amet, consectetur adipiscing elit. Vestibul um quis convallis lorem, ac volutpat magna. Suspendisse potenti. Sed lobortis sagittis ante, ut luctus elit pharetra nec. Lorem ipsum dolor sit amet, consectetur adipiscing elit. Vestibulum quis convallis lorem, ac volutpat magna. Suspendisse potenti...');
INSERT INTO `blog_list` VALUES ('18', 'THE NEW PRODUCT FROM APPLE COMPANY', 'blog_big_05.jpg', 'Integer sit amet commodo eros, sed dictum ipsum. Integer sit amet commodo eros. Lorem ipsum dolor sit amet, consectetur adipiscing elit. Vestibul um quis convallis lorem, ac volutpat magna. Suspendisse potenti. Sed lobortis sagittis ante, ut luctus elit pharetra nec. Lorem ipsum dolor sit amet, consectetur adipiscing elit. Vestibulum quis convallis lorem, ac volutpat magna. Suspendisse potenti...', '2015-10-26 23:42:49', 'Shahin Khalifa', '', 'THE NEW PRODUCT FROM APPLE COMPANY', 'THE NEW PRODUCT FROM APPLE COMPANY', 'THE NEW PRODUCT FROM APPLE COMPANY', '5', 'Integer sit amet commodo eros, sed dictum ipsum. Integer sit amet commodo eros. Lorem ipsum dolor sit amet, consectetur adipiscing elit. Vestibul um quis convallis lorem, ac volutpat magna. Suspendisse potenti. Sed lobortis sagittis ante, ut luctus elit pharetra nec. Lorem ipsum dolor sit amet, consectetur adipiscing elit. Vestibulum quis convallis lorem, ac volutpat magna. Suspendisse potenti...');
INSERT INTO `blog_list` VALUES ('19', 'THE NEW PRODUCT FROM APPLE COMPANY', 'blog_big_06.jpg', 'Integer sit amet commodo eros, sed dictum ipsum. Integer sit amet commodo eros. Lorem ipsum dolor sit amet, consectetur adipiscing elit. Vestibul um quis convallis lorem, ac volutpat magna. Suspendisse potenti. Sed lobortis sagittis ante, ut luctus elit pharetra nec. Lorem ipsum dolor sit amet, consectetur adipiscing elit. Vestibulum quis convallis lorem, ac volutpat magna. Suspendisse potenti...', '2015-10-26 23:42:53', 'Shahin Khalifa', '', 'THE NEW PRODUCT FROM APPLE COMPANY', 'THE NEW PRODUCT FROM APPLE COMPANY', 'THE NEW PRODUCT FROM APPLE COMPANY', '6', 'Integer sit amet commodo eros, sed dictum ipsum. Integer sit amet commodo eros. Lorem ipsum dolor sit amet, consectetur adipiscing elit. Vestibul um quis convallis lorem, ac volutpat magna. Suspendisse potenti. Sed lobortis sagittis ante, ut luctus elit pharetra nec. Lorem ipsum dolor sit amet, consectetur adipiscing elit. Vestibulum quis convallis lorem, ac volutpat magna. Suspendisse potenti...');
INSERT INTO `blog_list` VALUES ('20', 'THE NEW PRODUCT FROM APPLE COMPANY', 'blog_big_07.jpg', 'Integer sit amet commodo eros, sed dictum ipsum. Integer sit amet commodo eros. Lorem ipsum dolor sit amet, consectetur adipiscing elit. Vestibul um quis convallis lorem, ac volutpat magna. Suspendisse potenti. Sed lobortis sagittis ante, ut luctus elit pharetra nec. Lorem ipsum dolor sit amet, consectetur adipiscing elit. Vestibulum quis convallis lorem, ac volutpat magna. Suspendisse potenti...', '2015-10-26 23:42:57', 'Shahin Khalifa', '', 'THE NEW PRODUCT FROM APPLE COMPANY', 'THE NEW PRODUCT FROM APPLE COMPANY', 'THE NEW PRODUCT FROM APPLE COMPANY', '7', 'Integer sit amet commodo eros, sed dictum ipsum. Integer sit amet commodo eros. Lorem ipsum dolor sit amet, consectetur adipiscing elit. Vestibul um quis convallis lorem, ac volutpat magna. Suspendisse potenti. Sed lobortis sagittis ante, ut luctus elit pharetra nec. Lorem ipsum dolor sit amet, consectetur adipiscing elit. Vestibulum quis convallis lorem, ac volutpat magna. Suspendisse potenti...');
INSERT INTO `blog_list` VALUES ('21', 'THE NEW PRODUCT FROM APPLE COMPANY', 'blog_big_08.jpg', 'Integer sit amet commodo eros, sed dictum ipsum. Integer sit amet commodo eros. Lorem ipsum dolor sit amet, consectetur adipiscing elit. Vestibul um quis convallis lorem, ac volutpat magna. Suspendisse potenti. Sed lobortis sagittis ante, ut luctus elit pharetra nec. Lorem ipsum dolor sit amet, consectetur adipiscing elit. Vestibulum quis convallis lorem, ac volutpat magna. Suspendisse potenti...', '2015-10-26 23:43:00', 'Shahin Khalifa', '', 'THE NEW PRODUCT FROM APPLE COMPANY', 'THE NEW PRODUCT FROM APPLE COMPANY', 'THE NEW PRODUCT FROM APPLE COMPANY', '8', 'Integer sit amet commodo eros, sed dictum ipsum. Integer sit amet commodo eros. Lorem ipsum dolor sit amet, consectetur adipiscing elit. Vestibul um quis convallis lorem, ac volutpat magna. Suspendisse potenti. Sed lobortis sagittis ante, ut luctus elit pharetra nec. Lorem ipsum dolor sit amet, consectetur adipiscing elit. Vestibulum quis convallis lorem, ac volutpat magna. Suspendisse potenti...');
INSERT INTO `blog_list` VALUES ('22', 'THE NEW PRODUCT FROM APPLE COMPANY', 'blog_big_09.jpg', 'Integer sit amet commodo eros, sed dictum ipsum. Integer sit amet commodo eros. Lorem ipsum dolor sit amet, consectetur adipiscing elit. Vestibul um quis convallis lorem, ac volutpat magna. Suspendisse potenti. Sed lobortis sagittis ante, ut luctus elit pharetra nec. Lorem ipsum dolor sit amet, consectetur adipiscing elit. Vestibulum quis convallis lorem, ac volutpat magna. Suspendisse potenti...', '2015-10-26 23:53:11', 'Shahin Khalifa', '', 'THE NEW PRODUCT FROM APPLE COMPANY', 'THE NEW PRODUCT FROM APPLE COMPANY', 'THE NEW PRODUCT FROM APPLE COMPANY', '1', 'Integer sit amet commodo eros, sed dictum ipsum. Integer sit amet commodo eros. Lorem ipsum dolor sit amet, consectetur adipiscing elit. Vestibul um quis convallis lorem, ac volutpat magna. Suspendisse potenti. Sed lobortis sagittis ante, ut luctus elit pharetra nec. Lorem ipsum dolor sit amet, consectetur adipiscing elit. Vestibulum quis convallis lorem, ac volutpat magna. Suspendisse potenti...');
INSERT INTO `blog_list` VALUES ('23', 'THE NEW PRODUCT FROM APPLE COMPANY', 'blog_big_10.jpg', 'Integer sit amet commodo eros, sed dictum ipsum. Integer sit amet commodo eros. Lorem ipsum dolor sit amet, consectetur adipiscing elit. Vestibul um quis convallis lorem, ac volutpat magna. Suspendisse potenti. Sed lobortis sagittis ante, ut luctus elit pharetra nec. Lorem ipsum dolor sit amet, consectetur adipiscing elit. Vestibulum quis convallis lorem, ac volutpat magna. Suspendisse potenti...', '2015-10-26 23:53:12', 'Shahin Khalifa', '', 'THE NEW PRODUCT FROM APPLE COMPANY', 'THE NEW PRODUCT FROM APPLE COMPANY', 'THE NEW PRODUCT FROM APPLE COMPANY', '2', 'Integer sit amet commodo eros, sed dictum ipsum. Integer sit amet commodo eros. Lorem ipsum dolor sit amet, consectetur adipiscing elit. Vestibul um quis convallis lorem, ac volutpat magna. Suspendisse potenti. Sed lobortis sagittis ante, ut luctus elit pharetra nec. Lorem ipsum dolor sit amet, consectetur adipiscing elit. Vestibulum quis convallis lorem, ac volutpat magna. Suspendisse potenti...');
INSERT INTO `blog_list` VALUES ('24', 'THE NEW PRODUCT FROM APPLE COMPANY', 'blog_big_11.jpg', 'Integer sit amet commodo eros, sed dictum ipsum. Integer sit amet commodo eros. Lorem ipsum dolor sit amet, consectetur adipiscing elit. Vestibul um quis convallis lorem, ac volutpat magna. Suspendisse potenti. Sed lobortis sagittis ante, ut luctus elit pharetra nec. Lorem ipsum dolor sit amet, consectetur adipiscing elit. Vestibulum quis convallis lorem, ac volutpat magna. Suspendisse potenti...', '2015-10-26 23:53:12', 'Shahin Khalifa', '', 'THE NEW PRODUCT FROM APPLE COMPANY', 'THE NEW PRODUCT FROM APPLE COMPANY', 'THE NEW PRODUCT FROM APPLE COMPANY', '3', 'Integer sit amet commodo eros, sed dictum ipsum. Integer sit amet commodo eros. Lorem ipsum dolor sit amet, consectetur adipiscing elit. Vestibul um quis convallis lorem, ac volutpat magna. Suspendisse potenti. Sed lobortis sagittis ante, ut luctus elit pharetra nec. Lorem ipsum dolor sit amet, consectetur adipiscing elit. Vestibulum quis convallis lorem, ac volutpat magna. Suspendisse potenti...');
INSERT INTO `blog_list` VALUES ('25', 'THE NEW PRODUCT FROM APPLE COMPANY', 'blog_big_12.jpg', 'Integer sit amet commodo eros, sed dictum ipsum. Integer sit amet commodo eros. Lorem ipsum dolor sit amet, consectetur adipiscing elit. Vestibul um quis convallis lorem, ac volutpat magna. Suspendisse potenti. Sed lobortis sagittis ante, ut luctus elit pharetra nec. Lorem ipsum dolor sit amet, consectetur adipiscing elit. Vestibulum quis convallis lorem, ac volutpat magna. Suspendisse potenti...', '2015-10-26 23:53:13', 'Shahin Khalifa', '', 'THE NEW PRODUCT FROM APPLE COMPANY', 'THE NEW PRODUCT FROM APPLE COMPANY', 'THE NEW PRODUCT FROM APPLE COMPANY', '4', 'Integer sit amet commodo eros, sed dictum ipsum. Integer sit amet commodo eros. Lorem ipsum dolor sit amet, consectetur adipiscing elit. Vestibul um quis convallis lorem, ac volutpat magna. Suspendisse potenti. Sed lobortis sagittis ante, ut luctus elit pharetra nec. Lorem ipsum dolor sit amet, consectetur adipiscing elit. Vestibulum quis convallis lorem, ac volutpat magna. Suspendisse potenti...');
INSERT INTO `blog_list` VALUES ('26', 'THE NEW PRODUCT FROM APPLE COMPANY', 'blog_big_13.jpg', 'Integer sit amet commodo eros, sed dictum ipsum. Integer sit amet commodo eros. Lorem ipsum dolor sit amet, consectetur adipiscing elit. Vestibul um quis convallis lorem, ac volutpat magna. Suspendisse potenti. Sed lobortis sagittis ante, ut luctus elit pharetra nec. Lorem ipsum dolor sit amet, consectetur adipiscing elit. Vestibulum quis convallis lorem, ac volutpat magna. Suspendisse potenti...', '2015-10-26 23:53:13', 'Shahin Khalifa', '', 'THE NEW PRODUCT FROM APPLE COMPANY', 'THE NEW PRODUCT FROM APPLE COMPANY', 'THE NEW PRODUCT FROM APPLE COMPANY', '5', 'Integer sit amet commodo eros, sed dictum ipsum. Integer sit amet commodo eros. Lorem ipsum dolor sit amet, consectetur adipiscing elit. Vestibul um quis convallis lorem, ac volutpat magna. Suspendisse potenti. Sed lobortis sagittis ante, ut luctus elit pharetra nec. Lorem ipsum dolor sit amet, consectetur adipiscing elit. Vestibulum quis convallis lorem, ac volutpat magna. Suspendisse potenti...');
INSERT INTO `blog_list` VALUES ('27', 'THE NEW PRODUCT FROM APPLE COMPANY', 'blog_big_01.jpg', 'Integer sit amet commodo eros, sed dictum ipsum. Integer sit amet commodo eros. Lorem ipsum dolor sit amet, consectetur adipiscing elit. Vestibul um quis convallis lorem, ac volutpat magna. Suspendisse potenti. Sed lobortis sagittis ante, ut luctus elit pharetra nec. Lorem ipsum dolor sit amet, consectetur adipiscing elit. Vestibulum quis convallis lorem, ac volutpat magna. Suspendisse potenti...', '2015-10-26 23:34:32', 'Shahin Khalifa', '', 'THE NEW PRODUCT FROM APPLE COMPANY', 'THE NEW PRODUCT FROM APPLE COMPANY', 'THE NEW PRODUCT FROM APPLE COMPANY', '1', 'Integer sit amet commodo eros, sed dictum ipsum. Integer sit amet commodo eros. Lorem ipsum dolor sit amet, consectetur adipiscing elit. Vestibul um quis convallis lorem, ac volutpat magna. Suspendisse potenti. Sed lobortis sagittis ante, ut luctus elit pharetra nec. Lorem ipsum dolor sit amet, consectetur adipiscing elit. Vestibulum quis convallis lorem, ac volutpat magna. Suspendisse potenti...');
INSERT INTO `blog_list` VALUES ('28', 'THE NEW PRODUCT FROM APPLE COMPANY', 'blog_big_02.jpg', 'Integer sit amet commodo eros, sed dictum ipsum. Integer sit amet commodo eros. Lorem ipsum dolor sit amet, consectetur adipiscing elit. Vestibul um quis convallis lorem, ac volutpat magna. Suspendisse potenti. Sed lobortis sagittis ante, ut luctus elit pharetra nec. Lorem ipsum dolor sit amet, consectetur adipiscing elit. Vestibulum quis convallis lorem, ac volutpat magna. Suspendisse potenti...', '2015-10-26 23:34:33', 'Shahin Khalifa', '', 'THE NEW PRODUCT FROM APPLE COMPANY', 'THE NEW PRODUCT FROM APPLE COMPANY', 'THE NEW PRODUCT FROM APPLE COMPANY', '2', 'Integer sit amet commodo eros, sed dictum ipsum. Integer sit amet commodo eros. Lorem ipsum dolor sit amet, consectetur adipiscing elit. Vestibul um quis convallis lorem, ac volutpat magna. Suspendisse potenti. Sed lobortis sagittis ante, ut luctus elit pharetra nec. Lorem ipsum dolor sit amet, consectetur adipiscing elit. Vestibulum quis convallis lorem, ac volutpat magna. Suspendisse potenti...');
INSERT INTO `blog_list` VALUES ('29', 'THE NEW PRODUCT FROM APPLE COMPANY', 'blog_big_03.jpg', 'Integer sit amet commodo eros, sed dictum ipsum. Integer sit amet commodo eros. Lorem ipsum dolor sit amet, consectetur adipiscing elit. Vestibul um quis convallis lorem, ac volutpat magna. Suspendisse potenti. Sed lobortis sagittis ante, ut luctus elit pharetra nec. Lorem ipsum dolor sit amet, consectetur adipiscing elit. Vestibulum quis convallis lorem, ac volutpat magna. Suspendisse potenti...', '2015-10-26 23:34:34', 'Shahin Khalifa', '', 'THE NEW PRODUCT FROM APPLE COMPANY', 'THE NEW PRODUCT FROM APPLE COMPANY', 'THE NEW PRODUCT FROM APPLE COMPANY', '3', 'Integer sit amet commodo eros, sed dictum ipsum. Integer sit amet commodo eros. Lorem ipsum dolor sit amet, consectetur adipiscing elit. Vestibul um quis convallis lorem, ac volutpat magna. Suspendisse potenti. Sed lobortis sagittis ante, ut luctus elit pharetra nec. Lorem ipsum dolor sit amet, consectetur adipiscing elit. Vestibulum quis convallis lorem, ac volutpat magna. Suspendisse potenti...');
INSERT INTO `blog_list` VALUES ('30', 'THE NEW PRODUCT FROM APPLE COMPANY', 'blog_big_04.jpg', 'Integer sit amet commodo eros, sed dictum ipsum. Integer sit amet commodo eros. Lorem ipsum dolor sit amet, consectetur adipiscing elit. Vestibul um quis convallis lorem, ac volutpat magna. Suspendisse potenti. Sed lobortis sagittis ante, ut luctus elit pharetra nec. Lorem ipsum dolor sit amet, consectetur adipiscing elit. Vestibulum quis convallis lorem, ac volutpat magna. Suspendisse potenti...', '2015-10-26 23:42:46', 'Shahin Khalifa', '', 'THE NEW PRODUCT FROM APPLE COMPANY', 'THE NEW PRODUCT FROM APPLE COMPANY', 'THE NEW PRODUCT FROM APPLE COMPANY', '4', 'Integer sit amet commodo eros, sed dictum ipsum. Integer sit amet commodo eros. Lorem ipsum dolor sit amet, consectetur adipiscing elit. Vestibul um quis convallis lorem, ac volutpat magna. Suspendisse potenti. Sed lobortis sagittis ante, ut luctus elit pharetra nec. Lorem ipsum dolor sit amet, consectetur adipiscing elit. Vestibulum quis convallis lorem, ac volutpat magna. Suspendisse potenti...');
INSERT INTO `blog_list` VALUES ('31', 'THE NEW PRODUCT FROM APPLE COMPANY', 'blog_big_05.jpg', 'Integer sit amet commodo eros, sed dictum ipsum. Integer sit amet commodo eros. Lorem ipsum dolor sit amet, consectetur adipiscing elit. Vestibul um quis convallis lorem, ac volutpat magna. Suspendisse potenti. Sed lobortis sagittis ante, ut luctus elit pharetra nec. Lorem ipsum dolor sit amet, consectetur adipiscing elit. Vestibulum quis convallis lorem, ac volutpat magna. Suspendisse potenti...', '2015-10-26 23:42:49', 'Shahin Khalifa', '', 'THE NEW PRODUCT FROM APPLE COMPANY', 'THE NEW PRODUCT FROM APPLE COMPANY', 'THE NEW PRODUCT FROM APPLE COMPANY', '5', 'Integer sit amet commodo eros, sed dictum ipsum. Integer sit amet commodo eros. Lorem ipsum dolor sit amet, consectetur adipiscing elit. Vestibul um quis convallis lorem, ac volutpat magna. Suspendisse potenti. Sed lobortis sagittis ante, ut luctus elit pharetra nec. Lorem ipsum dolor sit amet, consectetur adipiscing elit. Vestibulum quis convallis lorem, ac volutpat magna. Suspendisse potenti...');
INSERT INTO `blog_list` VALUES ('32', 'THE NEW PRODUCT FROM APPLE COMPANY', 'blog_big_06.jpg', 'Integer sit amet commodo eros, sed dictum ipsum. Integer sit amet commodo eros. Lorem ipsum dolor sit amet, consectetur adipiscing elit. Vestibul um quis convallis lorem, ac volutpat magna. Suspendisse potenti. Sed lobortis sagittis ante, ut luctus elit pharetra nec. Lorem ipsum dolor sit amet, consectetur adipiscing elit. Vestibulum quis convallis lorem, ac volutpat magna. Suspendisse potenti...', '2015-10-26 23:42:53', 'Shahin Khalifa', '', 'THE NEW PRODUCT FROM APPLE COMPANY', 'THE NEW PRODUCT FROM APPLE COMPANY', 'THE NEW PRODUCT FROM APPLE COMPANY', '6', 'Integer sit amet commodo eros, sed dictum ipsum. Integer sit amet commodo eros. Lorem ipsum dolor sit amet, consectetur adipiscing elit. Vestibul um quis convallis lorem, ac volutpat magna. Suspendisse potenti. Sed lobortis sagittis ante, ut luctus elit pharetra nec. Lorem ipsum dolor sit amet, consectetur adipiscing elit. Vestibulum quis convallis lorem, ac volutpat magna. Suspendisse potenti...');
INSERT INTO `blog_list` VALUES ('33', 'THE NEW PRODUCT FROM APPLE COMPANY', 'blog_big_07.jpg', 'Integer sit amet commodo eros, sed dictum ipsum. Integer sit amet commodo eros. Lorem ipsum dolor sit amet, consectetur adipiscing elit. Vestibul um quis convallis lorem, ac volutpat magna. Suspendisse potenti. Sed lobortis sagittis ante, ut luctus elit pharetra nec. Lorem ipsum dolor sit amet, consectetur adipiscing elit. Vestibulum quis convallis lorem, ac volutpat magna. Suspendisse potenti...', '2015-10-26 23:42:57', 'Shahin Khalifa', '', 'THE NEW PRODUCT FROM APPLE COMPANY', 'THE NEW PRODUCT FROM APPLE COMPANY', 'THE NEW PRODUCT FROM APPLE COMPANY', '7', 'Integer sit amet commodo eros, sed dictum ipsum. Integer sit amet commodo eros. Lorem ipsum dolor sit amet, consectetur adipiscing elit. Vestibul um quis convallis lorem, ac volutpat magna. Suspendisse potenti. Sed lobortis sagittis ante, ut luctus elit pharetra nec. Lorem ipsum dolor sit amet, consectetur adipiscing elit. Vestibulum quis convallis lorem, ac volutpat magna. Suspendisse potenti...');
INSERT INTO `blog_list` VALUES ('34', 'THE NEW PRODUCT FROM APPLE COMPANY', 'blog_big_08.jpg', 'Integer sit amet commodo eros, sed dictum ipsum. Integer sit amet commodo eros. Lorem ipsum dolor sit amet, consectetur adipiscing elit. Vestibul um quis convallis lorem, ac volutpat magna. Suspendisse potenti. Sed lobortis sagittis ante, ut luctus elit pharetra nec. Lorem ipsum dolor sit amet, consectetur adipiscing elit. Vestibulum quis convallis lorem, ac volutpat magna. Suspendisse potenti...', '2015-10-26 23:43:00', 'Shahin Khalifa', '', 'THE NEW PRODUCT FROM APPLE COMPANY', 'THE NEW PRODUCT FROM APPLE COMPANY', 'THE NEW PRODUCT FROM APPLE COMPANY', '8', 'Integer sit amet commodo eros, sed dictum ipsum. Integer sit amet commodo eros. Lorem ipsum dolor sit amet, consectetur adipiscing elit. Vestibul um quis convallis lorem, ac volutpat magna. Suspendisse potenti. Sed lobortis sagittis ante, ut luctus elit pharetra nec. Lorem ipsum dolor sit amet, consectetur adipiscing elit. Vestibulum quis convallis lorem, ac volutpat magna. Suspendisse potenti...');
INSERT INTO `blog_list` VALUES ('35', 'THE NEW PRODUCT FROM APPLE COMPANY', 'blog_big_09.jpg', 'Integer sit amet commodo eros, sed dictum ipsum. Integer sit amet commodo eros. Lorem ipsum dolor sit amet, consectetur adipiscing elit. Vestibul um quis convallis lorem, ac volutpat magna. Suspendisse potenti. Sed lobortis sagittis ante, ut luctus elit pharetra nec. Lorem ipsum dolor sit amet, consectetur adipiscing elit. Vestibulum quis convallis lorem, ac volutpat magna. Suspendisse potenti...', '2015-10-26 23:53:11', 'Shahin Khalifa', '', 'THE NEW PRODUCT FROM APPLE COMPANY', 'THE NEW PRODUCT FROM APPLE COMPANY', 'THE NEW PRODUCT FROM APPLE COMPANY', '1', 'Integer sit amet commodo eros, sed dictum ipsum. Integer sit amet commodo eros. Lorem ipsum dolor sit amet, consectetur adipiscing elit. Vestibul um quis convallis lorem, ac volutpat magna. Suspendisse potenti. Sed lobortis sagittis ante, ut luctus elit pharetra nec. Lorem ipsum dolor sit amet, consectetur adipiscing elit. Vestibulum quis convallis lorem, ac volutpat magna. Suspendisse potenti...');
INSERT INTO `blog_list` VALUES ('36', 'THE NEW PRODUCT FROM APPLE COMPANY', 'blog_big_10.jpg', 'Integer sit amet commodo eros, sed dictum ipsum. Integer sit amet commodo eros. Lorem ipsum dolor sit amet, consectetur adipiscing elit. Vestibul um quis convallis lorem, ac volutpat magna. Suspendisse potenti. Sed lobortis sagittis ante, ut luctus elit pharetra nec. Lorem ipsum dolor sit amet, consectetur adipiscing elit. Vestibulum quis convallis lorem, ac volutpat magna. Suspendisse potenti...', '2015-10-26 23:53:12', 'Shahin Khalifa', '', 'THE NEW PRODUCT FROM APPLE COMPANY', 'THE NEW PRODUCT FROM APPLE COMPANY', 'THE NEW PRODUCT FROM APPLE COMPANY', '2', 'Integer sit amet commodo eros, sed dictum ipsum. Integer sit amet commodo eros. Lorem ipsum dolor sit amet, consectetur adipiscing elit. Vestibul um quis convallis lorem, ac volutpat magna. Suspendisse potenti. Sed lobortis sagittis ante, ut luctus elit pharetra nec. Lorem ipsum dolor sit amet, consectetur adipiscing elit. Vestibulum quis convallis lorem, ac volutpat magna. Suspendisse potenti...');
INSERT INTO `blog_list` VALUES ('37', 'THE NEW PRODUCT FROM APPLE COMPANY', 'blog_big_11.jpg', 'Integer sit amet commodo eros, sed dictum ipsum. Integer sit amet commodo eros. Lorem ipsum dolor sit amet, consectetur adipiscing elit. Vestibul um quis convallis lorem, ac volutpat magna. Suspendisse potenti. Sed lobortis sagittis ante, ut luctus elit pharetra nec. Lorem ipsum dolor sit amet, consectetur adipiscing elit. Vestibulum quis convallis lorem, ac volutpat magna. Suspendisse potenti...', '2015-10-26 23:53:12', 'Shahin Khalifa', '', 'THE NEW PRODUCT FROM APPLE COMPANY', 'THE NEW PRODUCT FROM APPLE COMPANY', 'THE NEW PRODUCT FROM APPLE COMPANY', '3', 'Integer sit amet commodo eros, sed dictum ipsum. Integer sit amet commodo eros. Lorem ipsum dolor sit amet, consectetur adipiscing elit. Vestibul um quis convallis lorem, ac volutpat magna. Suspendisse potenti. Sed lobortis sagittis ante, ut luctus elit pharetra nec. Lorem ipsum dolor sit amet, consectetur adipiscing elit. Vestibulum quis convallis lorem, ac volutpat magna. Suspendisse potenti...');
INSERT INTO `blog_list` VALUES ('38', 'THE NEW PRODUCT FROM APPLE COMPANY', 'blog_big_12.jpg', 'Integer sit amet commodo eros, sed dictum ipsum. Integer sit amet commodo eros. Lorem ipsum dolor sit amet, consectetur adipiscing elit. Vestibul um quis convallis lorem, ac volutpat magna. Suspendisse potenti. Sed lobortis sagittis ante, ut luctus elit pharetra nec. Lorem ipsum dolor sit amet, consectetur adipiscing elit. Vestibulum quis convallis lorem, ac volutpat magna. Suspendisse potenti...', '2015-10-26 23:53:13', 'Shahin Khalifa', '', 'THE NEW PRODUCT FROM APPLE COMPANY', 'THE NEW PRODUCT FROM APPLE COMPANY', 'THE NEW PRODUCT FROM APPLE COMPANY', '4', 'Integer sit amet commodo eros, sed dictum ipsum. Integer sit amet commodo eros. Lorem ipsum dolor sit amet, consectetur adipiscing elit. Vestibul um quis convallis lorem, ac volutpat magna. Suspendisse potenti. Sed lobortis sagittis ante, ut luctus elit pharetra nec. Lorem ipsum dolor sit amet, consectetur adipiscing elit. Vestibulum quis convallis lorem, ac volutpat magna. Suspendisse potenti...');
INSERT INTO `blog_list` VALUES ('39', 'THE NEW PRODUCT FROM APPLE COMPANY', 'blog_big_13.jpg', 'Integer sit amet commodo eros, sed dictum ipsum. Integer sit amet commodo eros. Lorem ipsum dolor sit amet, consectetur adipiscing elit. Vestibul um quis convallis lorem, ac volutpat magna. Suspendisse potenti. Sed lobortis sagittis ante, ut luctus elit pharetra nec. Lorem ipsum dolor sit amet, consectetur adipiscing elit. Vestibulum quis convallis lorem, ac volutpat magna. Suspendisse potenti...', '2015-10-26 23:53:13', 'Shahin Khalifa', '', 'THE NEW PRODUCT FROM APPLE COMPANY', 'THE NEW PRODUCT FROM APPLE COMPANY', 'THE NEW PRODUCT FROM APPLE COMPANY', '5', 'Integer sit amet commodo eros, sed dictum ipsum. Integer sit amet commodo eros. Lorem ipsum dolor sit amet, consectetur adipiscing elit. Vestibul um quis convallis lorem, ac volutpat magna. Suspendisse potenti. Sed lobortis sagittis ante, ut luctus elit pharetra nec. Lorem ipsum dolor sit amet, consectetur adipiscing elit. Vestibulum quis convallis lorem, ac volutpat magna. Suspendisse potenti...');

-- ----------------------------
-- Table structure for `blog_type`
-- ----------------------------
DROP TABLE IF EXISTS `blog_type`;
CREATE TABLE `blog_type` (
  `type_id` int(11) NOT NULL AUTO_INCREMENT,
  `type_name` varchar(256) DEFAULT NULL,
  PRIMARY KEY (`type_id`)
) ENGINE=InnoDB AUTO_INCREMENT=8 DEFAULT CHARSET=latin1;

-- ----------------------------
-- Records of blog_type
-- ----------------------------
INSERT INTO `blog_type` VALUES ('1', 'Social Media');
INSERT INTO `blog_type` VALUES ('2', 'Technology');
INSERT INTO `blog_type` VALUES ('3', 'Mobile Technology');
INSERT INTO `blog_type` VALUES ('4', 'Software Development');
INSERT INTO `blog_type` VALUES ('5', 'Website Development');
INSERT INTO `blog_type` VALUES ('6', 'Academy ');
INSERT INTO `blog_type` VALUES ('7', 'Business');

-- ----------------------------
-- Table structure for `meta_data`
-- ----------------------------
DROP TABLE IF EXISTS `meta_data`;
CREATE TABLE `meta_data` (
  `meta_id` int(11) NOT NULL AUTO_INCREMENT,
  `meta_title` varchar(250) DEFAULT NULL,
  `meta_description` varchar(500) DEFAULT NULL,
  `meta_clip` varchar(250) DEFAULT NULL,
  `meta_keywords` varchar(500) DEFAULT NULL,
  PRIMARY KEY (`meta_id`)
) ENGINE=InnoDB AUTO_INCREMENT=88 DEFAULT CHARSET=latin1;

-- ----------------------------
-- Records of meta_data
-- ----------------------------
INSERT INTO `meta_data` VALUES ('25', 'Fewlink IT Solution | Web Application Development | Software Development | E-Commerce Solution | Mobile Application Development', 'fewlink', 'welcome', null);
INSERT INTO `meta_data` VALUES ('26', 'Fewlink Portfolio', 'fewlink', 'portfolio', null);
INSERT INTO `meta_data` VALUES ('27', 'School Website Management', 'fewlink', 'school_site', null);
INSERT INTO `meta_data` VALUES ('28', 'Real Estate Cost Management Solution', 'fewlink', 'eco_tec', null);
INSERT INTO `meta_data` VALUES ('29', 'Education Newtwork & Visa Processing', 'fewlink', 'bd_net', null);
INSERT INTO `meta_data` VALUES ('30', 'Fewlink Services | ERP Solution | HRM Solution | Android Software | Windows Phone Software | Real Estate Solution | Point of Sales | Financial Accouning | School Management', 'fewlink', 'services', null);
INSERT INTO `meta_data` VALUES ('31', 'Fewlink Contact Information', 'fewlink', 'contact', null);
INSERT INTO `meta_data` VALUES ('32', 'Fewlink Technology | Visual C# |  ASP MVC  | PHP | MySQL | Codeigniter | Laravel | Ext Js | Bootstrap', 'fewlink', 'technology', null);
INSERT INTO `meta_data` VALUES ('33', 'Fewlink Blog', 'fewlink', 'blog', null);
INSERT INTO `meta_data` VALUES ('36', 'Fewlink ERP Solution', 'fewlink', 'erp', null);
INSERT INTO `meta_data` VALUES ('37', 'Online Accounting System', 'accounting', 'accounting', null);
INSERT INTO `meta_data` VALUES ('38', 'Real Estate Cost Management System', 'real-estate', 'real_estate', null);
INSERT INTO `meta_data` VALUES ('39', 'Export Import Management System', 'export_import', 'eims', null);
INSERT INTO `meta_data` VALUES ('40', 'Fewlink Products', 'products', 'products', null);
INSERT INTO `meta_data` VALUES ('41', 'Software Solution | ERP Solution | Online Accounting System | Real Estate Cost Managment | School Management | HRM Solution | POS Solution | Export Import Management', 'software', 'software', null);
INSERT INTO `meta_data` VALUES ('42', 'Website Development | Web Application Development', 'website', 'website', null);
INSERT INTO `meta_data` VALUES ('43', 'Mobile Application Solution | Mobile Application Development', 'mobile', 'mobile', null);
INSERT INTO `meta_data` VALUES ('44', 'School Management System (SMS)', 'school_management', 'school_management', null);
INSERT INTO `meta_data` VALUES ('45', 'Human Resource Management System (HRM)', 'hrm', 'hrm', null);
INSERT INTO `meta_data` VALUES ('46', 'Point of Sales System (POS)', 'pos', 'pos', null);
INSERT INTO `meta_data` VALUES ('47', 'E-Commerce Solution', 'e_commerce', 'e_commerce', null);
INSERT INTO `meta_data` VALUES ('48', 'Online Order System', 'order', 'order', null);
INSERT INTO `meta_data` VALUES ('49', 'About Fewlink | Responise Website | 24/7 Free Support | Quality of Code | Creative and Technical', 'about us', 'aboutus', null);
INSERT INTO `meta_data` VALUES ('50', 'Web Site Design and Web Application Development', 'web', 'web_app', null);
INSERT INTO `meta_data` VALUES ('51', 'Software Solution', 'software', 'software_dev', null);
INSERT INTO `meta_data` VALUES ('52', 'Mobile Application Development', 'Mobile Application Development', 'mobile_app', null);
INSERT INTO `meta_data` VALUES ('53', 'IT Training and Education System', 'IT Training and Education System', 'it_training', null);
INSERT INTO `meta_data` VALUES ('54', 'Search Engine Optimization (SEO)', 'Search Engine Optimization (SEO)', 'seo_dev', null);
INSERT INTO `meta_data` VALUES ('55', 'Outsourcing Solution', 'Outsourcing Solution', 'outsourcing', null);
INSERT INTO `meta_data` VALUES ('56', 'IT Consulting', 'IT Consulting', 'it_consulting', null);
INSERT INTO `meta_data` VALUES ('57', 'Fewlink News', 'Fewlink News', 'news', null);
INSERT INTO `meta_data` VALUES ('58', 'Company Infromation', 'company', 'company', null);
INSERT INTO `meta_data` VALUES ('59', 'Company Portfolio Website', 'lifeyard', 'lifeyard', 'lifeyard');
INSERT INTO `meta_data` VALUES ('60', 'Online School Managment System', 'school_management', 'school_management', 'aslam_school');
INSERT INTO `meta_data` VALUES ('61', 'Online Shop Solution', 'idailyshop', 'idailyshop', 'idailyshop');
INSERT INTO `meta_data` VALUES ('62', 'Silicon E-Commerce', 'silicon', 'silicon', 'silicon');
INSERT INTO `meta_data` VALUES ('63', 'Online Visa Processing System', 'aslam_travel', 'aslam_travel', 'aslam_travel');
INSERT INTO `meta_data` VALUES ('64', 'Online E Shop Solution', 'unicase', 'unicase', 'unicase');
INSERT INTO `meta_data` VALUES ('65', 'Fewlink Desktop Accounting System', 'desktop_accounting', 'desktop_accounting', 'desktop_accounting');
INSERT INTO `meta_data` VALUES ('66', 'Adi Publication Book Store', 'adi_pub', 'adi_pub', 'adi_pub');
INSERT INTO `meta_data` VALUES ('67', 'Fewlink Online Accounting | Sales Management | Purchase Management | Inventory System', 'bridge_chemie', 'bridge_chemie', 'bridge_chemie');
INSERT INTO `meta_data` VALUES ('68', 'Chinigura E-Commerce', 'chinigura', 'chinigura', 'chinigura');
INSERT INTO `meta_data` VALUES ('69', 'School Community School Managment System', 'school_community', 'school_community', 'school_community');
INSERT INTO `meta_data` VALUES ('70', 'Dokhina Resort Center', 'dokhina', 'dokhina', 'dokhina');
INSERT INTO `meta_data` VALUES ('71', 'Online ERP Solution | Order Management System | Merchandiser Cost Calculation', 'fashion_flash', 'fashion_flash', 'fashion_flash');
INSERT INTO `meta_data` VALUES ('72', '23 Fitness Ecommerce', '23_fitness', '23_fitness', '23_fitness');
INSERT INTO `meta_data` VALUES ('73', 'Gazi Metallic E-Commerce', 'gazi_metallic', 'gazi_metallic', 'gazi_metallic');
INSERT INTO `meta_data` VALUES ('74', 'Kandi Led E-Commerce', 'kandiled', 'kandiled', 'kandiled');
INSERT INTO `meta_data` VALUES ('75', 'Online Export Import Management System', 'right_link', 'right_link', 'right_link');
INSERT INTO `meta_data` VALUES ('76', 'Online School Managment System | Teacher Managment | Student Managment | Guardian Management', 'aslam_school', 'aslam_school', 'aslam_school');
INSERT INTO `meta_data` VALUES ('77', 'Facebook Blog', 'blog_facebook', 'blog_facebook', null);
INSERT INTO `meta_data` VALUES ('78', 'Google Blog', 'blog_google', 'blog_google', null);
INSERT INTO `meta_data` VALUES ('79', 'Twitter Blog', 'blog_twitter', 'blog_twitter', null);
INSERT INTO `meta_data` VALUES ('80', 'iPhone Blog', 'blog_iphone', 'blog_iphone', null);
INSERT INTO `meta_data` VALUES ('81', 'Android Blog', 'blog_android', 'blog_android', null);
INSERT INTO `meta_data` VALUES ('82', 'Windows Phone Blog', 'blog_win_phone', 'blog_win_phone', null);
INSERT INTO `meta_data` VALUES ('83', 'Marketing Blog', 'blog_marketing', 'blog_marketing', null);
INSERT INTO `meta_data` VALUES ('84', 'Sales Blog', 'blog_sales', 'blog_sales', null);
INSERT INTO `meta_data` VALUES ('85', 'Electronics Blog', 'blog_electronics', 'blog_electronics', null);
INSERT INTO `meta_data` VALUES ('86', 'Software Development Blog', 'blog_software', 'blog_software', null);
INSERT INTO `meta_data` VALUES ('87', 'E Commerce Blog ', 'blog_ecom', 'blog_ecom', null);

-- ----------------------------
-- Table structure for `portfolio_list`
-- ----------------------------
DROP TABLE IF EXISTS `portfolio_list`;
CREATE TABLE `portfolio_list` (
  `portfolio_id` int(11) NOT NULL AUTO_INCREMENT,
  `portfolio_title` varchar(256) DEFAULT NULL,
  `portfolio_description` varchar(256) DEFAULT NULL,
  `portfolio_image` varchar(50) DEFAULT NULL,
  `meta_clip` varchar(256) DEFAULT NULL,
  PRIMARY KEY (`portfolio_id`)
) ENGINE=InnoDB AUTO_INCREMENT=21 DEFAULT CHARSET=latin1;

-- ----------------------------
-- Records of portfolio_list
-- ----------------------------
INSERT INTO `portfolio_list` VALUES ('1', 'School Management Site', 'School Management Site Usiness process. E-commerce buzz is the only successive solution for all core online business.', 'school_site.png', 'school_site');
INSERT INTO `portfolio_list` VALUES ('2', 'Adi Publication ', 'Adi Publication  Usiness process. E-commerce buzz is the only successive solution for all core online business.', 'adi.png', 'adi_pub');
INSERT INTO `portfolio_list` VALUES ('3', 'BD Network', 'BD Network Usiness process. E-commerce buzz is the only successive solution for all core online business.', 'bdnet.png', 'bd_net');
INSERT INTO `portfolio_list` VALUES ('4', 'Bridge Chemie', 'Bridge Chemie Usiness process. E-commerce buzz is the only successive solution for all core online business.', 'bridge.png', 'bridge_chemie');
INSERT INTO `portfolio_list` VALUES ('5', 'Chinigura Shop', 'Chinigura Shop Usiness process. E-commerce buzz is the only successive solution for all core online business.', 'chinigura.png', 'chinigura');
INSERT INTO `portfolio_list` VALUES ('6', 'School Community', 'School Community Usiness process. E-commerce buzz is the only successive solution for all core online business.', 'community.png', 'school_community');
INSERT INTO `portfolio_list` VALUES ('7', 'Dokhina Resort', 'Dokhina Resort Dokhina Resort Usiness process. E-commerce buzz is the only successive solution for all core online business.', 'dokhina.png', 'dokhina');
INSERT INTO `portfolio_list` VALUES ('8', 'Eco-Tec Builders', 'Eco-Tec Builders Eco-Tec Builders Usiness process. E-commerce buzz is the only successive solution for all core online business.', 'ecotec.png', 'eco_tec');
INSERT INTO `portfolio_list` VALUES ('9', 'Fashion Flash Limited', 'Fashion Flash Limited Usiness process. E-commerce buzz is the only successive solution for all core online business.', 'fashion.png', 'fashion_flash');
INSERT INTO `portfolio_list` VALUES ('10', '23 Fitness Shop', '23 Fitness Shop Usiness process. E-commerce buzz is the only successive solution for all core online business.', 'fitness.png', '23_fitness');
INSERT INTO `portfolio_list` VALUES ('11', 'Gazi Metallic', 'Gazi Metallic Usiness process. E-commerce buzz is the only successive solution for all core online business.', 'gazi.png', 'gazi_metallic');
INSERT INTO `portfolio_list` VALUES ('12', 'KandiLed Shop', 'KandiLed Shop Usiness process. E-commerce buzz is the only successive solution for all core online business.', 'kandi.png', 'kandiled');
INSERT INTO `portfolio_list` VALUES ('13', 'Life Yard Link', 'Life Yard Link Usiness process. E-commerce buzz is the only successive solution for all core online business.', 'life.png', 'lifeyard');
INSERT INTO `portfolio_list` VALUES ('14', 'School Management', 'School Management Usiness process. E-commerce buzz is the only successive solution for all core online business.', 'school.png', 'aslam_school');
INSERT INTO `portfolio_list` VALUES ('15', 'Idailyshop Shop', 'Idailyshop Shop Usiness process. E-commerce buzz is the only successive solution for all core online business.', 'shop.png', 'idailyshop');
INSERT INTO `portfolio_list` VALUES ('16', 'Silicontex Shop', 'Silicontex Shop Usiness process. E-commerce buzz is the only successive solution for all core online business.', 'silicon.png', 'silicon');
INSERT INTO `portfolio_list` VALUES ('17', 'Aslam Travels Ltd', 'Aslam Travels Ltd Usiness process. E-commerce buzz is the only successive solution for all core online business.', 'travel.png', 'aslam_travel');
INSERT INTO `portfolio_list` VALUES ('18', 'Unicase Shop', 'Unicase Shop Usiness process. E-commerce buzz is the only successive solution for all core online business.', 'unicase.png', 'unicase');
INSERT INTO `portfolio_list` VALUES ('19', 'Desktop Accounting', 'Fewlink Desktop Accounting Software', 'accounting.png', 'desktop_accounting');
INSERT INTO `portfolio_list` VALUES ('20', 'Right Link Industries', 'Fewlink Desktop Accounting Software', 'bridge.png', 'right_link');

-- ----------------------------
-- Table structure for `portfolio_slide`
-- ----------------------------
DROP TABLE IF EXISTS `portfolio_slide`;
CREATE TABLE `portfolio_slide` (
  `slide_no` int(11) NOT NULL AUTO_INCREMENT,
  `portfolio_id` int(11) DEFAULT NULL,
  `slide_image` varchar(250) COLLATE latin1_general_ci DEFAULT NULL,
  `slide_title` varchar(250) COLLATE latin1_general_ci DEFAULT NULL,
  `slide_note` varchar(1000) COLLATE latin1_general_ci DEFAULT NULL,
  `slide_date` date DEFAULT NULL,
  `fb_url` varchar(250) COLLATE latin1_general_ci DEFAULT NULL,
  `site_url` varchar(250) COLLATE latin1_general_ci DEFAULT NULL,
  `image_path` varchar(50) COLLATE latin1_general_ci DEFAULT NULL,
  PRIMARY KEY (`slide_no`)
) ENGINE=InnoDB AUTO_INCREMENT=96 DEFAULT CHARSET=latin1 COLLATE=latin1_general_ci;

-- ----------------------------
-- Records of portfolio_slide
-- ----------------------------
INSERT INTO `portfolio_slide` VALUES ('1', '1', 'school_site1.png', 'THE NEW PRODUCT FROM APPLE COMPANY', 'Integer sit amet commodo eros, sed dictum ipsum. Integer sit amet commodo eros. Lorem ipsum dolor sit amet, consectetur adipiscing elit. Vestibul um quis convallis lorem, ac volutpat magna. Suspendisse potenti. Sed lobortis sagittis ante, ut luctus elit pharetra nec. Lorem ipsum dolor sit amet, consectetur adipiscing elit. Vestibulum quis convallis lorem, ac volutpat magna. Suspendisse potenti.', '2015-08-25', 'http://www.fewlink.com/products/details/3/school-management-system-sms', 'http://www.fewlink.com/services', 'school_site');
INSERT INTO `portfolio_slide` VALUES ('2', '1', 'school_site2.png', 'THE NEW PRODUCT FROM APPLE COMPANY', 'Integer sit amet commodo eros, sed dictum ipsum. Integer sit amet commodo eros. Lorem ipsum dolor sit amet, consectetur adipiscing elit. Vestibul um quis convallis lorem, ac volutpat magna. Suspendisse potenti. Sed lobortis sagittis ante, ut luctus elit pharetra nec. Lorem ipsum dolor sit amet, consectetur adipiscing elit. Vestibulum quis convallis lorem, ac volutpat magna. Suspendisse potenti.', '2015-08-25', 'http://www.fewlink.com/products/details/3/school-management-system-sms', 'http://www.fewlink.com/services', 'school_site');
INSERT INTO `portfolio_slide` VALUES ('3', '1', 'school_site3.png', 'THE NEW PRODUCT FROM APPLE COMPANY', 'Integer sit amet commodo eros, sed dictum ipsum. Integer sit amet commodo eros. Lorem ipsum dolor sit amet, consectetur adipiscing elit. Vestibul um quis convallis lorem, ac volutpat magna. Suspendisse potenti. Sed lobortis sagittis ante, ut luctus elit pharetra nec. Lorem ipsum dolor sit amet, consectetur adipiscing elit. Vestibulum quis convallis lorem, ac volutpat magna. Suspendisse potenti.', '2015-08-25', 'http://www.fewlink.com/products/details/3/school-management-system-sms', 'http://www.fewlink.com/services', 'school_site');
INSERT INTO `portfolio_slide` VALUES ('4', '1', 'school_site4.png', 'THE NEW PRODUCT FROM APPLE COMPANY', 'Integer sit amet commodo eros, sed dictum ipsum. Integer sit amet commodo eros. Lorem ipsum dolor sit amet, consectetur adipiscing elit. Vestibul um quis convallis lorem, ac volutpat magna. Suspendisse potenti. Sed lobortis sagittis ante, ut luctus elit pharetra nec. Lorem ipsum dolor sit amet, consectetur adipiscing elit. Vestibulum quis convallis lorem, ac volutpat magna. Suspendisse potenti.', '2015-08-25', 'http://www.fewlink.com/products/details/3/school-management-system-sms', 'http://www.fewlink.com/services', 'school_site');
INSERT INTO `portfolio_slide` VALUES ('5', '2', 'adi1.png', 'adi', 'Integer sit amet commodo eros, sed dictum ipsum. Integer sit amet commodo eros. Lorem ipsum dolor sit amet, consectetur adipiscing elit. Vestibul um quis convallis lorem, ac volutpat magna. Suspendisse potenti. Sed lobortis sagittis ante, ut luctus elit pharetra nec. Lorem ipsum dolor sit amet, consectetur adipiscing elit. Vestibulum quis convallis lorem, ac volutpat magna. Suspendisse potenti.', '2015-08-25', 'http://www.fewlink.com/web', 'http://www.fewlink.com/services', 'adi');
INSERT INTO `portfolio_slide` VALUES ('6', '2', 'adi2.png', 'a', 'Integer sit amet commodo eros, sed dictum ipsum. Integer sit amet commodo eros. Lorem ipsum dolor sit amet, consectetur adipiscing elit. Vestibul um quis convallis lorem, ac volutpat magna. Suspendisse potenti. Sed lobortis sagittis ante, ut luctus elit pharetra nec. Lorem ipsum dolor sit amet, consectetur adipiscing elit. Vestibulum quis convallis lorem, ac volutpat magna. Suspendisse potenti.', '2015-08-25', 'http://www.fewlink.com/services', 'http://www.fewlink.com/services', 'adi');
INSERT INTO `portfolio_slide` VALUES ('7', '2', 'adi3.png', 'a', 'Integer sit amet commodo eros, sed dictum ipsum. Integer sit amet commodo eros. Lorem ipsum dolor sit amet, consectetur adipiscing elit. Vestibul um quis convallis lorem, ac volutpat magna. Suspendisse potenti. Sed lobortis sagittis ante, ut luctus elit pharetra nec. Lorem ipsum dolor sit amet, consectetur adipiscing elit. Vestibulum quis convallis lorem, ac volutpat magna. Suspendisse potenti.', '2015-08-25', 'http://www.fewlink.com/services', 'http://www.fewlink.com/services', 'adi');
INSERT INTO `portfolio_slide` VALUES ('8', '2', 'adi4.png', 'sdf', 'Integer sit amet commodo eros, sed dictum ipsum. Integer sit amet commodo eros. Lorem ipsum dolor sit amet, consectetur adipiscing elit. Vestibul um quis convallis lorem, ac volutpat magna. Suspendisse potenti. Sed lobortis sagittis ante, ut luctus elit pharetra nec. Lorem ipsum dolor sit amet, consectetur adipiscing elit. Vestibulum quis convallis lorem, ac volutpat magna. Suspendisse potenti.', '2015-08-25', 'http://www.fewlink.com/services', 'http://www.fewlink.com/services', 'adi');
INSERT INTO `portfolio_slide` VALUES ('9', '2', 'adi5.png', 'adi', 'Integer sit amet commodo eros, sed dictum ipsum. Integer sit amet commodo eros. Lorem ipsum dolor sit amet, consectetur adipiscing elit. Vestibul um quis convallis lorem, ac volutpat magna. Suspendisse potenti. Sed lobortis sagittis ante, ut luctus elit pharetra nec. Lorem ipsum dolor sit amet, consectetur adipiscing elit. Vestibulum quis convallis lorem, ac volutpat magna. Suspendisse potenti.', '2015-08-25', 'http://www.fewlink.com/services', 'http://www.fewlink.com/services', 'adi');
INSERT INTO `portfolio_slide` VALUES ('10', '3', 'bdnet1.png', 'bdnet', 'Integer sit amet commodo eros, sed dictum ipsum. Integer sit amet commodo eros. Lorem ipsum dolor sit amet, consectetur adipiscing elit. Vestibul um quis convallis lorem, ac volutpat magna. Suspendisse potenti. Sed lobortis sagittis ante, ut luctus elit pharetra nec. Lorem ipsum dolor sit amet, consectetur adipiscing elit. Vestibulum quis convallis lorem, ac volutpat magna. Suspendisse potenti.', '2015-08-25', 'http://www.fewlink.com/services', 'http://www.fewlink.com/services', 'bdnet');
INSERT INTO `portfolio_slide` VALUES ('11', '3', 'bdnet2.png', 'bd ', 'Integer sit amet commodo eros, sed dictum ipsum. Integer sit amet commodo eros. Lorem ipsum dolor sit amet, consectetur adipiscing elit. Vestibul um quis convallis lorem, ac volutpat magna. Suspendisse potenti. Sed lobortis sagittis ante, ut luctus elit pharetra nec. Lorem ipsum dolor sit amet, consectetur adipiscing elit. Vestibulum quis convallis lorem, ac volutpat magna. Suspendisse potenti.', '2015-08-25', 'http://www.fewlink.com/services', 'http://www.fewlink.com/services', 'bdnet');
INSERT INTO `portfolio_slide` VALUES ('12', '3', 'bdnet3.png', 'net', 'Integer sit amet commodo eros, sed dictum ipsum. Integer sit amet commodo eros. Lorem ipsum dolor sit amet, consectetur adipiscing elit. Vestibul um quis convallis lorem, ac volutpat magna. Suspendisse potenti. Sed lobortis sagittis ante, ut luctus elit pharetra nec. Lorem ipsum dolor sit amet, consectetur adipiscing elit. Vestibulum quis convallis lorem, ac volutpat magna. Suspendisse potenti.', '2015-08-25', 'http://www.fewlink.com/services', 'http://www.fewlink.com/services', 'bdnet');
INSERT INTO `portfolio_slide` VALUES ('13', '4', 'bridge1.png', 'v', 'Integer sit amet commodo eros, sed dictum ipsum. Integer sit amet commodo eros. Lorem ipsum dolor sit amet, consectetur adipiscing elit. Vestibul um quis convallis lorem, ac volutpat magna. Suspendisse potenti. Sed lobortis sagittis ante, ut luctus elit pharetra nec. Lorem ipsum dolor sit amet, consectetur adipiscing elit. Vestibulum quis convallis lorem, ac volutpat magna. Suspendisse potenti.', '2015-08-25', 'http://www.fewlink.com/services', 'http://www.fewlink.com/services', 'bridge');
INSERT INTO `portfolio_slide` VALUES ('14', '4', 'bridge2.png', 'vf', 'Integer sit amet commodo eros, sed dictum ipsum. Integer sit amet commodo eros. Lorem ipsum dolor sit amet, consectetur adipiscing elit. Vestibul um quis convallis lorem, ac volutpat magna. Suspendisse potenti. Sed lobortis sagittis ante, ut luctus elit pharetra nec. Lorem ipsum dolor sit amet, consectetur adipiscing elit. Vestibulum quis convallis lorem, ac volutpat magna. Suspendisse potenti.', '2015-08-25', 'http://www.fewlink.com/services', 'http://www.fewlink.com/services', 'bridge');
INSERT INTO `portfolio_slide` VALUES ('15', '4', 'bridge3.png', 'f', 'Integer sit amet commodo eros, sed dictum ipsum. Integer sit amet commodo eros. Lorem ipsum dolor sit amet, consectetur adipiscing elit. Vestibul um quis convallis lorem, ac volutpat magna. Suspendisse potenti. Sed lobortis sagittis ante, ut luctus elit pharetra nec. Lorem ipsum dolor sit amet, consectetur adipiscing elit. Vestibulum quis convallis lorem, ac volutpat magna. Suspendisse potenti.', '2015-08-25', 'http://www.fewlink.com/services', 'http://www.fewlink.com/services', 'bridge');
INSERT INTO `portfolio_slide` VALUES ('16', '4', 'bridge4.png', 'fv', 'Integer sit amet commodo eros, sed dictum ipsum. Integer sit amet commodo eros. Lorem ipsum dolor sit amet, consectetur adipiscing elit. Vestibul um quis convallis lorem, ac volutpat magna. Suspendisse potenti. Sed lobortis sagittis ante, ut luctus elit pharetra nec. Lorem ipsum dolor sit amet, consectetur adipiscing elit. Vestibulum quis convallis lorem, ac volutpat magna. Suspendisse potenti.', '2015-08-25', 'http://www.fewlink.com/services', 'http://www.fewlink.com/services', 'bridge');
INSERT INTO `portfolio_slide` VALUES ('17', '4', 'bridge5.png', 'vbfv', 'Integer sit amet commodo eros, sed dictum ipsum. Integer sit amet commodo eros. Lorem ipsum dolor sit amet, consectetur adipiscing elit. Vestibul um quis convallis lorem, ac volutpat magna. Suspendisse potenti. Sed lobortis sagittis ante, ut luctus elit pharetra nec. Lorem ipsum dolor sit amet, consectetur adipiscing elit. Vestibulum quis convallis lorem, ac volutpat magna. Suspendisse potenti.', '2015-08-25', 'http://www.fewlink.com/services', 'http://www.fewlink.com/services', 'bridge');
INSERT INTO `portfolio_slide` VALUES ('18', '4', 'bridge6.png', 'e', 'Integer sit amet commodo eros, sed dictum ipsum. Integer sit amet commodo eros. Lorem ipsum dolor sit amet, consectetur adipiscing elit. Vestibul um quis convallis lorem, ac volutpat magna. Suspendisse potenti. Sed lobortis sagittis ante, ut luctus elit pharetra nec. Lorem ipsum dolor sit amet, consectetur adipiscing elit. Vestibulum quis convallis lorem, ac volutpat magna. Suspendisse potenti.', '2015-08-25', 'http://www.fewlink.com/services', 'http://www.fewlink.com/services', 'bridge');
INSERT INTO `portfolio_slide` VALUES ('19', '4', 'bridge7.png', 'fef', 'Integer sit amet commodo eros, sed dictum ipsum. Integer sit amet commodo eros. Lorem ipsum dolor sit amet, consectetur adipiscing elit. Vestibul um quis convallis lorem, ac volutpat magna. Suspendisse potenti. Sed lobortis sagittis ante, ut luctus elit pharetra nec. Lorem ipsum dolor sit amet, consectetur adipiscing elit. Vestibulum quis convallis lorem, ac volutpat magna. Suspendisse potenti.', '2015-08-25', 'http://www.fewlink.com/services', 'http://www.fewlink.com/services', 'bridge');
INSERT INTO `portfolio_slide` VALUES ('20', '4', 'bridge8.png', 'efe', 'Integer sit amet commodo eros, sed dictum ipsum. Integer sit amet commodo eros. Lorem ipsum dolor sit amet, consectetur adipiscing elit. Vestibul um quis convallis lorem, ac volutpat magna. Suspendisse potenti. Sed lobortis sagittis ante, ut luctus elit pharetra nec. Lorem ipsum dolor sit amet, consectetur adipiscing elit. Vestibulum quis convallis lorem, ac volutpat magna. Suspendisse potenti.', '2015-08-25', 'http://www.fewlink.com/services', 'http://www.fewlink.com/services', 'bridge');
INSERT INTO `portfolio_slide` VALUES ('21', '4', 'bridge9.png', 'ef', 'Integer sit amet commodo eros, sed dictum ipsum. Integer sit amet commodo eros. Lorem ipsum dolor sit amet, consectetur adipiscing elit. Vestibul um quis convallis lorem, ac volutpat magna. Suspendisse potenti. Sed lobortis sagittis ante, ut luctus elit pharetra nec. Lorem ipsum dolor sit amet, consectetur adipiscing elit. Vestibulum quis convallis lorem, ac volutpat magna. Suspendisse potenti.', '2015-08-25', 'http://www.fewlink.com/services', 'http://www.fewlink.com/services', 'bridge');
INSERT INTO `portfolio_slide` VALUES ('22', '4', 'bridge10.png', 'ef', 'Integer sit amet commodo eros, sed dictum ipsum. Integer sit amet commodo eros. Lorem ipsum dolor sit amet, consectetur adipiscing elit. Vestibul um quis convallis lorem, ac volutpat magna. Suspendisse potenti. Sed lobortis sagittis ante, ut luctus elit pharetra nec. Lorem ipsum dolor sit amet, consectetur adipiscing elit. Vestibulum quis convallis lorem, ac volutpat magna. Suspendisse potenti.', '2015-08-25', 'http://www.fewlink.com/services', 'http://www.fewlink.com/services', 'bridge');
INSERT INTO `portfolio_slide` VALUES ('23', '4', 'bridge11.png', 'e', 'Integer sit amet commodo eros, sed dictum ipsum. Integer sit amet commodo eros. Lorem ipsum dolor sit amet, consectetur adipiscing elit. Vestibul um quis convallis lorem, ac volutpat magna. Suspendisse potenti. Sed lobortis sagittis ante, ut luctus elit pharetra nec. Lorem ipsum dolor sit amet, consectetur adipiscing elit. Vestibulum quis convallis lorem, ac volutpat magna. Suspendisse potenti.', '2015-08-25', 'http://www.fewlink.com/services', 'http://www.fewlink.com/services', 'bridge');
INSERT INTO `portfolio_slide` VALUES ('24', '4', 'bridge12.png', 'e', 'Integer sit amet commodo eros, sed dictum ipsum. Integer sit amet commodo eros. Lorem ipsum dolor sit amet, consectetur adipiscing elit. Vestibul um quis convallis lorem, ac volutpat magna. Suspendisse potenti. Sed lobortis sagittis ante, ut luctus elit pharetra nec. Lorem ipsum dolor sit amet, consectetur adipiscing elit. Vestibulum quis convallis lorem, ac volutpat magna. Suspendisse potenti.', '2015-08-25', 'http://www.fewlink.com/services', 'http://www.fewlink.com/services', 'bridge');
INSERT INTO `portfolio_slide` VALUES ('25', '5', 'chinigura1.png', 'rfv', 'Integer sit amet commodo eros, sed dictum ipsum. Integer sit amet commodo eros. Lorem ipsum dolor sit amet, consectetur adipiscing elit. Vestibul um quis convallis lorem, ac volutpat magna. Suspendisse potenti. Sed lobortis sagittis ante, ut luctus elit pharetra nec. Lorem ipsum dolor sit amet, consectetur adipiscing elit. Vestibulum quis convallis lorem, ac volutpat magna. Suspendisse potenti.', '2015-08-25', 'http://www.fewlink.com/services', 'http://www.fewlink.com/services', 'chinigura');
INSERT INTO `portfolio_slide` VALUES ('26', '5', 'chinigura2.png', 'dvv', 'Integer sit amet commodo eros, sed dictum ipsum. Integer sit amet commodo eros. Lorem ipsum dolor sit amet, consectetur adipiscing elit. Vestibul um quis convallis lorem, ac volutpat magna. Suspendisse potenti. Sed lobortis sagittis ante, ut luctus elit pharetra nec. Lorem ipsum dolor sit amet, consectetur adipiscing elit. Vestibulum quis convallis lorem, ac volutpat magna. Suspendisse potenti.', '2015-08-25', 'http://www.fewlink.com/services', 'http://www.fewlink.com/services', 'chinigura');
INSERT INTO `portfolio_slide` VALUES ('27', '5', 'chinigura3.png', 'dv', 'Integer sit amet commodo eros, sed dictum ipsum. Integer sit amet commodo eros. Lorem ipsum dolor sit amet, consectetur adipiscing elit. Vestibul um quis convallis lorem, ac volutpat magna. Suspendisse potenti. Sed lobortis sagittis ante, ut luctus elit pharetra nec. Lorem ipsum dolor sit amet, consectetur adipiscing elit. Vestibulum quis convallis lorem, ac volutpat magna. Suspendisse potenti.', '2015-08-25', 'http://www.fewlink.com/services', 'http://www.fewlink.com/services', 'chinigura');
INSERT INTO `portfolio_slide` VALUES ('28', '5', 'chinigura4.png', 'dv', 'Integer sit amet commodo eros, sed dictum ipsum. Integer sit amet commodo eros. Lorem ipsum dolor sit amet, consectetur adipiscing elit. Vestibul um quis convallis lorem, ac volutpat magna. Suspendisse potenti. Sed lobortis sagittis ante, ut luctus elit pharetra nec. Lorem ipsum dolor sit amet, consectetur adipiscing elit. Vestibulum quis convallis lorem, ac volutpat magna. Suspendisse potenti.', '2015-08-25', 'http://www.fewlink.com/services', 'http://www.fewlink.com/services', 'chinigura');
INSERT INTO `portfolio_slide` VALUES ('29', '5', 'chinigura5.png', 'dv', 'Integer sit amet commodo eros, sed dictum ipsum. Integer sit amet commodo eros. Lorem ipsum dolor sit amet, consectetur adipiscing elit. Vestibul um quis convallis lorem, ac volutpat magna. Suspendisse potenti. Sed lobortis sagittis ante, ut luctus elit pharetra nec. Lorem ipsum dolor sit amet, consectetur adipiscing elit. Vestibulum quis convallis lorem, ac volutpat magna. Suspendisse potenti.', '2015-08-25', 'http://www.fewlink.com/services', 'http://www.fewlink.com/services', 'chinigura');
INSERT INTO `portfolio_slide` VALUES ('30', '6', 'community1.png', 'eds', 'Integer sit amet commodo eros, sed dictum ipsum. Integer sit amet commodo eros. Lorem ipsum dolor sit amet, consectetur adipiscing elit. Vestibul um quis convallis lorem, ac volutpat magna. Suspendisse potenti. Sed lobortis sagittis ante, ut luctus elit pharetra nec. Lorem ipsum dolor sit amet, consectetur adipiscing elit. Vestibulum quis convallis lorem, ac volutpat magna. Suspendisse potenti.', '2015-08-25', 'http://www.fewlink.com/services', 'http://www.fewlink.com/services', 'community');
INSERT INTO `portfolio_slide` VALUES ('31', '6', 'community2.png', 'xs', 'Integer sit amet commodo eros, sed dictum ipsum. Integer sit amet commodo eros. Lorem ipsum dolor sit amet, consectetur adipiscing elit. Vestibul um quis convallis lorem, ac volutpat magna. Suspendisse potenti. Sed lobortis sagittis ante, ut luctus elit pharetra nec. Lorem ipsum dolor sit amet, consectetur adipiscing elit. Vestibulum quis convallis lorem, ac volutpat magna. Suspendisse potenti.', '2015-08-25', 'http://www.fewlink.com/services', 'http://www.fewlink.com/services', 'community');
INSERT INTO `portfolio_slide` VALUES ('32', '6', 'community3.png', 'xs', 'Integer sit amet commodo eros, sed dictum ipsum. Integer sit amet commodo eros. Lorem ipsum dolor sit amet, consectetur adipiscing elit. Vestibul um quis convallis lorem, ac volutpat magna. Suspendisse potenti. Sed lobortis sagittis ante, ut luctus elit pharetra nec. Lorem ipsum dolor sit amet, consectetur adipiscing elit. Vestibulum quis convallis lorem, ac volutpat magna. Suspendisse potenti.', '2015-08-25', 'http://www.fewlink.com/services', 'http://www.fewlink.com/services', 'community');
INSERT INTO `portfolio_slide` VALUES ('33', '6', 'community4.png', 'x', 'Integer sit amet commodo eros, sed dictum ipsum. Integer sit amet commodo eros. Lorem ipsum dolor sit amet, consectetur adipiscing elit. Vestibul um quis convallis lorem, ac volutpat magna. Suspendisse potenti. Sed lobortis sagittis ante, ut luctus elit pharetra nec. Lorem ipsum dolor sit amet, consectetur adipiscing elit. Vestibulum quis convallis lorem, ac volutpat magna. Suspendisse potenti.', '2015-08-25', 'http://www.fewlink.com/services', 'http://www.fewlink.com/services', 'community');
INSERT INTO `portfolio_slide` VALUES ('34', '6', 'community5.png', 'sx', 'Integer sit amet commodo eros, sed dictum ipsum. Integer sit amet commodo eros. Lorem ipsum dolor sit amet, consectetur adipiscing elit. Vestibul um quis convallis lorem, ac volutpat magna. Suspendisse potenti. Sed lobortis sagittis ante, ut luctus elit pharetra nec. Lorem ipsum dolor sit amet, consectetur adipiscing elit. Vestibulum quis convallis lorem, ac volutpat magna. Suspendisse potenti.', '2015-08-25', 'http://www.fewlink.com/services', 'http://www.fewlink.com/services', 'community');
INSERT INTO `portfolio_slide` VALUES ('35', '6', 'community6.png', 'xs', 'Integer sit amet commodo eros, sed dictum ipsum. Integer sit amet commodo eros. Lorem ipsum dolor sit amet, consectetur adipiscing elit. Vestibul um quis convallis lorem, ac volutpat magna. Suspendisse potenti. Sed lobortis sagittis ante, ut luctus elit pharetra nec. Lorem ipsum dolor sit amet, consectetur adipiscing elit. Vestibulum quis convallis lorem, ac volutpat magna. Suspendisse potenti.', '2015-08-25', 'http://www.fewlink.com/services', 'http://www.fewlink.com/services', 'community');
INSERT INTO `portfolio_slide` VALUES ('36', '7', 'dokhina1.png', 'dc', 'Integer sit amet commodo eros, sed dictum ipsum. Integer sit amet commodo eros. Lorem ipsum dolor sit amet, consectetur adipiscing elit. Vestibul um quis convallis lorem, ac volutpat magna. Suspendisse potenti. Sed lobortis sagittis ante, ut luctus elit pharetra nec. Lorem ipsum dolor sit amet, consectetur adipiscing elit. Vestibulum quis convallis lorem, ac volutpat magna. Suspendisse potenti.', '2015-08-25', 'http://www.fewlink.com/services', 'http://www.fewlink.com/services', 'dokhina');
INSERT INTO `portfolio_slide` VALUES ('37', '7', 'dokhina2.png', 'c', 'Integer sit amet commodo eros, sed dictum ipsum. Integer sit amet commodo eros. Lorem ipsum dolor sit amet, consectetur adipiscing elit. Vestibul um quis convallis lorem, ac volutpat magna. Suspendisse potenti. Sed lobortis sagittis ante, ut luctus elit pharetra nec. Lorem ipsum dolor sit amet, consectetur adipiscing elit. Vestibulum quis convallis lorem, ac volutpat magna. Suspendisse potenti.', '2015-08-25', 'http://www.fewlink.com/services', 'http://www.fewlink.com/services', 'dokhina');
INSERT INTO `portfolio_slide` VALUES ('38', '7', 'dokhina3.png', 'd', 'Integer sit amet commodo eros, sed dictum ipsum. Integer sit amet commodo eros. Lorem ipsum dolor sit amet, consectetur adipiscing elit. Vestibul um quis convallis lorem, ac volutpat magna. Suspendisse potenti. Sed lobortis sagittis ante, ut luctus elit pharetra nec. Lorem ipsum dolor sit amet, consectetur adipiscing elit. Vestibulum quis convallis lorem, ac volutpat magna. Suspendisse potenti.', '2015-08-25', 'http://www.fewlink.com/services', 'http://www.fewlink.com/services', 'dokhina');
INSERT INTO `portfolio_slide` VALUES ('39', '8', 'ecotec1.png', 'f', 'Integer sit amet commodo eros, sed dictum ipsum. Integer sit amet commodo eros. Lorem ipsum dolor sit amet, consectetur adipiscing elit. Vestibul um quis convallis lorem, ac volutpat magna. Suspendisse potenti. Sed lobortis sagittis ante, ut luctus elit pharetra nec. Lorem ipsum dolor sit amet, consectetur adipiscing elit. Vestibulum quis convallis lorem, ac volutpat magna. Suspendisse potenti.', '2015-08-25', 'http://www.fewlink.com/services', 'http://www.fewlink.com/services', 'ecotec');
INSERT INTO `portfolio_slide` VALUES ('40', '8', 'ecotec2.png', 'fe', 'Integer sit amet commodo eros, sed dictum ipsum. Integer sit amet commodo eros. Lorem ipsum dolor sit amet, consectetur adipiscing elit. Vestibul um quis convallis lorem, ac volutpat magna. Suspendisse potenti. Sed lobortis sagittis ante, ut luctus elit pharetra nec. Lorem ipsum dolor sit amet, consectetur adipiscing elit. Vestibulum quis convallis lorem, ac volutpat magna. Suspendisse potenti.', '2015-08-25', 'http://www.fewlink.com/services', 'http://www.fewlink.com/services', 'ecotec');
INSERT INTO `portfolio_slide` VALUES ('41', '8', 'ecotec3.png', 'e', 'Integer sit amet commodo eros, sed dictum ipsum. Integer sit amet commodo eros. Lorem ipsum dolor sit amet, consectetur adipiscing elit. Vestibul um quis convallis lorem, ac volutpat magna. Suspendisse potenti. Sed lobortis sagittis ante, ut luctus elit pharetra nec. Lorem ipsum dolor sit amet, consectetur adipiscing elit. Vestibulum quis convallis lorem, ac volutpat magna. Suspendisse potenti.', '2015-08-25', 'http://www.fewlink.com/services', 'http://www.fewlink.com/services', 'ecotec');
INSERT INTO `portfolio_slide` VALUES ('42', '8', 'ecotec4.png', 'f', 'Integer sit amet commodo eros, sed dictum ipsum. Integer sit amet commodo eros. Lorem ipsum dolor sit amet, consectetur adipiscing elit. Vestibul um quis convallis lorem, ac volutpat magna. Suspendisse potenti. Sed lobortis sagittis ante, ut luctus elit pharetra nec. Lorem ipsum dolor sit amet, consectetur adipiscing elit. Vestibulum quis convallis lorem, ac volutpat magna. Suspendisse potenti.', '2015-08-25', 'http://www.fewlink.com/services', 'http://www.fewlink.com/services', 'ecotec');
INSERT INTO `portfolio_slide` VALUES ('43', '8', 'ecotec5.png', 'e', 'Integer sit amet commodo eros, sed dictum ipsum. Integer sit amet commodo eros. Lorem ipsum dolor sit amet, consectetur adipiscing elit. Vestibul um quis convallis lorem, ac volutpat magna. Suspendisse potenti. Sed lobortis sagittis ante, ut luctus elit pharetra nec. Lorem ipsum dolor sit amet, consectetur adipiscing elit. Vestibulum quis convallis lorem, ac volutpat magna. Suspendisse potenti.', '2015-08-25', 'http://www.fewlink.com/services', 'http://www.fewlink.com/services', 'ecotec');
INSERT INTO `portfolio_slide` VALUES ('44', '8', 'ecotec6.png', 'erf', 'Integer sit amet commodo eros, sed dictum ipsum. Integer sit amet commodo eros. Lorem ipsum dolor sit amet, consectetur adipiscing elit. Vestibul um quis convallis lorem, ac volutpat magna. Suspendisse potenti. Sed lobortis sagittis ante, ut luctus elit pharetra nec. Lorem ipsum dolor sit amet, consectetur adipiscing elit. Vestibulum quis convallis lorem, ac volutpat magna. Suspendisse potenti.', '2015-08-25', 'http://www.fewlink.com/services', 'http://www.fewlink.com/services', 'ecotec');
INSERT INTO `portfolio_slide` VALUES ('45', '8', 'ecotec7.png', 'fv', 'Integer sit amet commodo eros, sed dictum ipsum. Integer sit amet commodo eros. Lorem ipsum dolor sit amet, consectetur adipiscing elit. Vestibul um quis convallis lorem, ac volutpat magna. Suspendisse potenti. Sed lobortis sagittis ante, ut luctus elit pharetra nec. Lorem ipsum dolor sit amet, consectetur adipiscing elit. Vestibulum quis convallis lorem, ac volutpat magna. Suspendisse potenti.', '2015-08-25', 'http://www.fewlink.com/services', 'http://www.fewlink.com/services', 'ecotec');
INSERT INTO `portfolio_slide` VALUES ('46', '8', 'ecotec8.png', 'fgvr', 'Integer sit amet commodo eros, sed dictum ipsum. Integer sit amet commodo eros. Lorem ipsum dolor sit amet, consectetur adipiscing elit. Vestibul um quis convallis lorem, ac volutpat magna. Suspendisse potenti. Sed lobortis sagittis ante, ut luctus elit pharetra nec. Lorem ipsum dolor sit amet, consectetur adipiscing elit. Vestibulum quis convallis lorem, ac volutpat magna. Suspendisse potenti.', '2015-08-25', 'http://www.fewlink.com/services', 'http://www.fewlink.com/services', 'ecotec');
INSERT INTO `portfolio_slide` VALUES ('47', '9', 'fashion1.png', 'g', 'Integer sit amet commodo eros, sed dictum ipsum. Integer sit amet commodo eros. Lorem ipsum dolor sit amet, consectetur adipiscing elit. Vestibul um quis convallis lorem, ac volutpat magna. Suspendisse potenti. Sed lobortis sagittis ante, ut luctus elit pharetra nec. Lorem ipsum dolor sit amet, consectetur adipiscing elit. Vestibulum quis convallis lorem, ac volutpat magna. Suspendisse potenti.', '2015-08-25', 'http://www.fewlink.com/services', 'http://www.fewlink.com/services', 'fashion');
INSERT INTO `portfolio_slide` VALUES ('48', '9', 'fashion2.png', 'r', 'Integer sit amet commodo eros, sed dictum ipsum. Integer sit amet commodo eros. Lorem ipsum dolor sit amet, consectetur adipiscing elit. Vestibul um quis convallis lorem, ac volutpat magna. Suspendisse potenti. Sed lobortis sagittis ante, ut luctus elit pharetra nec. Lorem ipsum dolor sit amet, consectetur adipiscing elit. Vestibulum quis convallis lorem, ac volutpat magna. Suspendisse potenti.', '2015-08-25', 'http://www.fewlink.com/services', 'http://www.fewlink.com/services', 'fashion');
INSERT INTO `portfolio_slide` VALUES ('49', '9', 'fashion3.png', 'rg', 'Integer sit amet commodo eros, sed dictum ipsum. Integer sit amet commodo eros. Lorem ipsum dolor sit amet, consectetur adipiscing elit. Vestibul um quis convallis lorem, ac volutpat magna. Suspendisse potenti. Sed lobortis sagittis ante, ut luctus elit pharetra nec. Lorem ipsum dolor sit amet, consectetur adipiscing elit. Vestibulum quis convallis lorem, ac volutpat magna. Suspendisse potenti.', '2015-08-25', 'http://www.fewlink.com/services', 'http://www.fewlink.com/services', 'fashion');
INSERT INTO `portfolio_slide` VALUES ('50', '9', 'fashion4.png', 'g', 'Integer sit amet commodo eros, sed dictum ipsum. Integer sit amet commodo eros. Lorem ipsum dolor sit amet, consectetur adipiscing elit. Vestibul um quis convallis lorem, ac volutpat magna. Suspendisse potenti. Sed lobortis sagittis ante, ut luctus elit pharetra nec. Lorem ipsum dolor sit amet, consectetur adipiscing elit. Vestibulum quis convallis lorem, ac volutpat magna. Suspendisse potenti.', '2015-08-25', 'http://www.fewlink.com/services', 'http://www.fewlink.com/services', 'fashion');
INSERT INTO `portfolio_slide` VALUES ('51', '9', 'fashion5.png', 'rfgr', 'Integer sit amet commodo eros, sed dictum ipsum. Integer sit amet commodo eros. Lorem ipsum dolor sit amet, consectetur adipiscing elit. Vestibul um quis convallis lorem, ac volutpat magna. Suspendisse potenti. Sed lobortis sagittis ante, ut luctus elit pharetra nec. Lorem ipsum dolor sit amet, consectetur adipiscing elit. Vestibulum quis convallis lorem, ac volutpat magna. Suspendisse potenti.', '2015-08-25', 'http://www.fewlink.com/services', 'http://www.fewlink.com/services', 'fashion');
INSERT INTO `portfolio_slide` VALUES ('52', '10', 'fitness1.png', 'e', 'Integer sit amet commodo eros, sed dictum ipsum. Integer sit amet commodo eros. Lorem ipsum dolor sit amet, consectetur adipiscing elit. Vestibul um quis convallis lorem, ac volutpat magna. Suspendisse potenti. Sed lobortis sagittis ante, ut luctus elit pharetra nec. Lorem ipsum dolor sit amet, consectetur adipiscing elit. Vestibulum quis convallis lorem, ac volutpat magna. Suspendisse potenti.', '2015-08-25', 'http://www.fewlink.com/services', 'http://www.fewlink.com/services', 'fitness');
INSERT INTO `portfolio_slide` VALUES ('53', '10', 'fitness2.png', 'ef', 'Integer sit amet commodo eros, sed dictum ipsum. Integer sit amet commodo eros. Lorem ipsum dolor sit amet, consectetur adipiscing elit. Vestibul um quis convallis lorem, ac volutpat magna. Suspendisse potenti. Sed lobortis sagittis ante, ut luctus elit pharetra nec. Lorem ipsum dolor sit amet, consectetur adipiscing elit. Vestibulum quis convallis lorem, ac volutpat magna. Suspendisse potenti.', '2015-08-25', 'http://www.fewlink.com/services', 'http://www.fewlink.com/services', 'fitness');
INSERT INTO `portfolio_slide` VALUES ('54', '10', 'fitness3.png', 'f', 'Integer sit amet commodo eros, sed dictum ipsum. Integer sit amet commodo eros. Lorem ipsum dolor sit amet, consectetur adipiscing elit. Vestibul um quis convallis lorem, ac volutpat magna. Suspendisse potenti. Sed lobortis sagittis ante, ut luctus elit pharetra nec. Lorem ipsum dolor sit amet, consectetur adipiscing elit. Vestibulum quis convallis lorem, ac volutpat magna. Suspendisse potenti.', '2015-08-25', 'http://www.fewlink.com/services', 'http://www.fewlink.com/services', 'fitness');
INSERT INTO `portfolio_slide` VALUES ('55', '10', 'fitness4.png', 'fe', 'Integer sit amet commodo eros, sed dictum ipsum. Integer sit amet commodo eros. Lorem ipsum dolor sit amet, consectetur adipiscing elit. Vestibul um quis convallis lorem, ac volutpat magna. Suspendisse potenti. Sed lobortis sagittis ante, ut luctus elit pharetra nec. Lorem ipsum dolor sit amet, consectetur adipiscing elit. Vestibulum quis convallis lorem, ac volutpat magna. Suspendisse potenti.', '2015-08-25', 'http://www.fewlink.com/services', 'http://www.fewlink.com/services', 'fitness');
INSERT INTO `portfolio_slide` VALUES ('56', '10', 'fitness5.png', 'edfe', 'Integer sit amet commodo eros, sed dictum ipsum. Integer sit amet commodo eros. Lorem ipsum dolor sit amet, consectetur adipiscing elit. Vestibul um quis convallis lorem, ac volutpat magna. Suspendisse potenti. Sed lobortis sagittis ante, ut luctus elit pharetra nec. Lorem ipsum dolor sit amet, consectetur adipiscing elit. Vestibulum quis convallis lorem, ac volutpat magna. Suspendisse potenti.', '2015-08-25', 'http://www.fewlink.com/services', 'http://www.fewlink.com/services', 'fitness');
INSERT INTO `portfolio_slide` VALUES ('57', '11', 'gazi1.png', 'g', 'Integer sit amet commodo eros, sed dictum ipsum. Integer sit amet commodo eros. Lorem ipsum dolor sit amet, consectetur adipiscing elit. Vestibul um quis convallis lorem, ac volutpat magna. Suspendisse potenti. Sed lobortis sagittis ante, ut luctus elit pharetra nec. Lorem ipsum dolor sit amet, consectetur adipiscing elit. Vestibulum quis convallis lorem, ac volutpat magna. Suspendisse potenti.', '2015-08-25', 'http://www.fewlink.com/services', 'http://www.fewlink.com/services', 'gazi');
INSERT INTO `portfolio_slide` VALUES ('58', '11', 'gazi2.png', 'r', 'Integer sit amet commodo eros, sed dictum ipsum. Integer sit amet commodo eros. Lorem ipsum dolor sit amet, consectetur adipiscing elit. Vestibul um quis convallis lorem, ac volutpat magna. Suspendisse potenti. Sed lobortis sagittis ante, ut luctus elit pharetra nec. Lorem ipsum dolor sit amet, consectetur adipiscing elit. Vestibulum quis convallis lorem, ac volutpat magna. Suspendisse potenti.', '2015-08-25', 'http://www.fewlink.com/services', 'http://www.fewlink.com/services', 'gazi');
INSERT INTO `portfolio_slide` VALUES ('59', '11', 'gazi3.png', 'g', 'Integer sit amet commodo eros, sed dictum ipsum. Integer sit amet commodo eros. Lorem ipsum dolor sit amet, consectetur adipiscing elit. Vestibul um quis convallis lorem, ac volutpat magna. Suspendisse potenti. Sed lobortis sagittis ante, ut luctus elit pharetra nec. Lorem ipsum dolor sit amet, consectetur adipiscing elit. Vestibulum quis convallis lorem, ac volutpat magna. Suspendisse potenti.', '2015-08-25', 'http://www.fewlink.com/services', 'http://www.fewlink.com/services', 'gazi');
INSERT INTO `portfolio_slide` VALUES ('60', '11', 'gazi4.png', 'gr', 'Integer sit amet commodo eros, sed dictum ipsum. Integer sit amet commodo eros. Lorem ipsum dolor sit amet, consectetur adipiscing elit. Vestibul um quis convallis lorem, ac volutpat magna. Suspendisse potenti. Sed lobortis sagittis ante, ut luctus elit pharetra nec. Lorem ipsum dolor sit amet, consectetur adipiscing elit. Vestibulum quis convallis lorem, ac volutpat magna. Suspendisse potenti.', '2015-08-25', 'http://www.fewlink.com/services', 'http://www.fewlink.com/services', 'gazi');
INSERT INTO `portfolio_slide` VALUES ('61', '11', 'gazi5.png', 'gr', 'Integer sit amet commodo eros, sed dictum ipsum. Integer sit amet commodo eros. Lorem ipsum dolor sit amet, consectetur adipiscing elit. Vestibul um quis convallis lorem, ac volutpat magna. Suspendisse potenti. Sed lobortis sagittis ante, ut luctus elit pharetra nec. Lorem ipsum dolor sit amet, consectetur adipiscing elit. Vestibulum quis convallis lorem, ac volutpat magna. Suspendisse potenti.', '2015-08-25', 'http://www.fewlink.com/services', 'http://www.fewlink.com/services', 'gazi');
INSERT INTO `portfolio_slide` VALUES ('62', '11', 'gazi6.png', 'rfgr', 'Integer sit amet commodo eros, sed dictum ipsum. Integer sit amet commodo eros. Lorem ipsum dolor sit amet, consectetur adipiscing elit. Vestibul um quis convallis lorem, ac volutpat magna. Suspendisse potenti. Sed lobortis sagittis ante, ut luctus elit pharetra nec. Lorem ipsum dolor sit amet, consectetur adipiscing elit. Vestibulum quis convallis lorem, ac volutpat magna. Suspendisse potenti.', '2015-08-25', 'http://www.fewlink.com/services', 'http://www.fewlink.com/services', 'gazi');
INSERT INTO `portfolio_slide` VALUES ('63', '12', 'kandi1.png', 'ef', 'Integer sit amet commodo eros, sed dictum ipsum. Integer sit amet commodo eros. Lorem ipsum dolor sit amet, consectetur adipiscing elit. Vestibul um quis convallis lorem, ac volutpat magna. Suspendisse potenti. Sed lobortis sagittis ante, ut luctus elit pharetra nec. Lorem ipsum dolor sit amet, consectetur adipiscing elit. Vestibulum quis convallis lorem, ac volutpat magna. Suspendisse potenti.', '2015-08-25', 'http://www.fewlink.com/services', 'http://www.fewlink.com/services', 'kandi');
INSERT INTO `portfolio_slide` VALUES ('64', '12', 'kandi2.png', 'dcf', 'Integer sit amet commodo eros, sed dictum ipsum. Integer sit amet commodo eros. Lorem ipsum dolor sit amet, consectetur adipiscing elit. Vestibul um quis convallis lorem, ac volutpat magna. Suspendisse potenti. Sed lobortis sagittis ante, ut luctus elit pharetra nec. Lorem ipsum dolor sit amet, consectetur adipiscing elit. Vestibulum quis convallis lorem, ac volutpat magna. Suspendisse potenti.', '2015-08-25', 'http://www.fewlink.com/services', 'http://www.fewlink.com/services', 'kandi');
INSERT INTO `portfolio_slide` VALUES ('65', '12', 'kandi3.png', 'dc', 'Integer sit amet commodo eros, sed dictum ipsum. Integer sit amet commodo eros. Lorem ipsum dolor sit amet, consectetur adipiscing elit. Vestibul um quis convallis lorem, ac volutpat magna. Suspendisse potenti. Sed lobortis sagittis ante, ut luctus elit pharetra nec. Lorem ipsum dolor sit amet, consectetur adipiscing elit. Vestibulum quis convallis lorem, ac volutpat magna. Suspendisse potenti.', '2015-08-25', 'http://www.fewlink.com/services', 'http://www.fewlink.com/services', 'kandi');
INSERT INTO `portfolio_slide` VALUES ('66', '12', 'kandi4.png', 'd', 'Integer sit amet commodo eros, sed dictum ipsum. Integer sit amet commodo eros. Lorem ipsum dolor sit amet, consectetur adipiscing elit. Vestibul um quis convallis lorem, ac volutpat magna. Suspendisse potenti. Sed lobortis sagittis ante, ut luctus elit pharetra nec. Lorem ipsum dolor sit amet, consectetur adipiscing elit. Vestibulum quis convallis lorem, ac volutpat magna. Suspendisse potenti.', '2015-08-25', 'http://www.fewlink.com/services', 'http://www.fewlink.com/services', 'kandi');
INSERT INTO `portfolio_slide` VALUES ('67', '13', 'life1.png', 'rg', 'Integer sit amet commodo eros, sed dictum ipsum. Integer sit amet commodo eros. Lorem ipsum dolor sit amet, consectetur adipiscing elit. Vestibul um quis convallis lorem, ac volutpat magna. Suspendisse potenti. Sed lobortis sagittis ante, ut luctus elit pharetra nec. Lorem ipsum dolor sit amet, consectetur adipiscing elit. Vestibulum quis convallis lorem, ac volutpat magna. Suspendisse potenti.', '2015-08-25', 'http://www.fewlink.com/services', 'http://www.fewlink.com/services', 'lifeyard');
INSERT INTO `portfolio_slide` VALUES ('68', '13', 'life2.png', 'grg', 'Integer sit amet commodo eros, sed dictum ipsum. Integer sit amet commodo eros. Lorem ipsum dolor sit amet, consectetur adipiscing elit. Vestibul um quis convallis lorem, ac volutpat magna. Suspendisse potenti. Sed lobortis sagittis ante, ut luctus elit pharetra nec. Lorem ipsum dolor sit amet, consectetur adipiscing elit. Vestibulum quis convallis lorem, ac volutpat magna. Suspendisse potenti.', '2015-08-25', 'http://www.fewlink.com/services', 'http://www.fewlink.com/services', 'lifeyard');
INSERT INTO `portfolio_slide` VALUES ('69', '13', 'life3.png', 'r', 'Integer sit amet commodo eros, sed dictum ipsum. Integer sit amet commodo eros. Lorem ipsum dolor sit amet, consectetur adipiscing elit. Vestibul um quis convallis lorem, ac volutpat magna. Suspendisse potenti. Sed lobortis sagittis ante, ut luctus elit pharetra nec. Lorem ipsum dolor sit amet, consectetur adipiscing elit. Vestibulum quis convallis lorem, ac volutpat magna. Suspendisse potenti.', '2015-08-25', 'http://www.fewlink.com/services', 'http://www.fewlink.com/services', 'lifeyard');
INSERT INTO `portfolio_slide` VALUES ('70', '13', 'life4.png', 'rg', 'Integer sit amet commodo eros, sed dictum ipsum. Integer sit amet commodo eros. Lorem ipsum dolor sit amet, consectetur adipiscing elit. Vestibul um quis convallis lorem, ac volutpat magna. Suspendisse potenti. Sed lobortis sagittis ante, ut luctus elit pharetra nec. Lorem ipsum dolor sit amet, consectetur adipiscing elit. Vestibulum quis convallis lorem, ac volutpat magna. Suspendisse potenti.', '2015-08-25', 'http://www.fewlink.com/services', 'http://www.fewlink.com/services', 'lifeyard');
INSERT INTO `portfolio_slide` VALUES ('71', '13', 'life5.png', 'g', 'Integer sit amet commodo eros, sed dictum ipsum. Integer sit amet commodo eros. Lorem ipsum dolor sit amet, consectetur adipiscing elit. Vestibul um quis convallis lorem, ac volutpat magna. Suspendisse potenti. Sed lobortis sagittis ante, ut luctus elit pharetra nec. Lorem ipsum dolor sit amet, consectetur adipiscing elit. Vestibulum quis convallis lorem, ac volutpat magna. Suspendisse potenti.', '2015-08-25', 'http://www.fewlink.com/services', 'http://www.fewlink.com/services', 'lifeyard');
INSERT INTO `portfolio_slide` VALUES ('72', '13', 'life6.png', 'r', 'Integer sit amet commodo eros, sed dictum ipsum. Integer sit amet commodo eros. Lorem ipsum dolor sit amet, consectetur adipiscing elit. Vestibul um quis convallis lorem, ac volutpat magna. Suspendisse potenti. Sed lobortis sagittis ante, ut luctus elit pharetra nec. Lorem ipsum dolor sit amet, consectetur adipiscing elit. Vestibulum quis convallis lorem, ac volutpat magna. Suspendisse potenti.', '2015-08-25', 'http://www.fewlink.com/services', 'http://www.fewlink.com/services', 'lifeyard');
INSERT INTO `portfolio_slide` VALUES ('73', '13', 'life7.png', 'd', 'Integer sit amet commodo eros, sed dictum ipsum. Integer sit amet commodo eros. Lorem ipsum dolor sit amet, consectetur adipiscing elit. Vestibul um quis convallis lorem, ac volutpat magna. Suspendisse potenti. Sed lobortis sagittis ante, ut luctus elit pharetra nec. Lorem ipsum dolor sit amet, consectetur adipiscing elit. Vestibulum quis convallis lorem, ac volutpat magna. Suspendisse potenti.', '2015-08-25', 'http://www.fewlink.com/services', 'http://www.fewlink.com/services', 'lifeyard');
INSERT INTO `portfolio_slide` VALUES ('74', '14', 'school1.png', 'w', 'Integer sit amet commodo eros, sed dictum ipsum. Integer sit amet commodo eros. Lorem ipsum dolor sit amet, consectetur adipiscing elit. Vestibul um quis convallis lorem, ac volutpat magna. Suspendisse potenti. Sed lobortis sagittis ante, ut luctus elit pharetra nec. Lorem ipsum dolor sit amet, consectetur adipiscing elit. Vestibulum quis convallis lorem, ac volutpat magna. Suspendisse potenti.', '2015-08-25', 'http://www.fewlink.com/services', 'http://www.fewlink.com/services', 'school');
INSERT INTO `portfolio_slide` VALUES ('75', '14', 'school2.png', 'd', 'Integer sit amet commodo eros, sed dictum ipsum. Integer sit amet commodo eros. Lorem ipsum dolor sit amet, consectetur adipiscing elit. Vestibul um quis convallis lorem, ac volutpat magna. Suspendisse potenti. Sed lobortis sagittis ante, ut luctus elit pharetra nec. Lorem ipsum dolor sit amet, consectetur adipiscing elit. Vestibulum quis convallis lorem, ac volutpat magna. Suspendisse potenti.', '2015-08-25', 'http://www.fewlink.com/services', 'http://www.fewlink.com/services', 'school');
INSERT INTO `portfolio_slide` VALUES ('76', '14', 'school3.png', 'dw', 'Integer sit amet commodo eros, sed dictum ipsum. Integer sit amet commodo eros. Lorem ipsum dolor sit amet, consectetur adipiscing elit. Vestibul um quis convallis lorem, ac volutpat magna. Suspendisse potenti. Sed lobortis sagittis ante, ut luctus elit pharetra nec. Lorem ipsum dolor sit amet, consectetur adipiscing elit. Vestibulum quis convallis lorem, ac volutpat magna. Suspendisse potenti.', '2015-08-25', 'http://www.fewlink.com/services', 'http://www.fewlink.com/services', 'school');
INSERT INTO `portfolio_slide` VALUES ('77', '14', 'school4.png', 'dw', 'Integer sit amet commodo eros, sed dictum ipsum. Integer sit amet commodo eros. Lorem ipsum dolor sit amet, consectetur adipiscing elit. Vestibul um quis convallis lorem, ac volutpat magna. Suspendisse potenti. Sed lobortis sagittis ante, ut luctus elit pharetra nec. Lorem ipsum dolor sit amet, consectetur adipiscing elit. Vestibulum quis convallis lorem, ac volutpat magna. Suspendisse potenti.', '2015-08-25', 'http://www.fewlink.com/services', 'http://www.fewlink.com/services', 'school');
INSERT INTO `portfolio_slide` VALUES ('78', '14', 'school5.png', 'e', 'Integer sit amet commodo eros, sed dictum ipsum. Integer sit amet commodo eros. Lorem ipsum dolor sit amet, consectetur adipiscing elit. Vestibul um quis convallis lorem, ac volutpat magna. Suspendisse potenti. Sed lobortis sagittis ante, ut luctus elit pharetra nec. Lorem ipsum dolor sit amet, consectetur adipiscing elit. Vestibulum quis convallis lorem, ac volutpat magna. Suspendisse potenti.', '2015-08-25', 'http://www.fewlink.com/services', 'http://www.fewlink.com/services', 'school');
INSERT INTO `portfolio_slide` VALUES ('79', '15', 'shop1.png', 'd', 'Integer sit amet commodo eros, sed dictum ipsum. Integer sit amet commodo eros. Lorem ipsum dolor sit amet, consectetur adipiscing elit. Vestibul um quis convallis lorem, ac volutpat magna. Suspendisse potenti. Sed lobortis sagittis ante, ut luctus elit pharetra nec. Lorem ipsum dolor sit amet, consectetur adipiscing elit. Vestibulum quis convallis lorem, ac volutpat magna. Suspendisse potenti.', '2015-08-25', 'http://www.fewlink.com/services', 'http://www.fewlink.com/services', 'shop');
INSERT INTO `portfolio_slide` VALUES ('80', '15', 'shop2.png', 'de', 'Integer sit amet commodo eros, sed dictum ipsum. Integer sit amet commodo eros. Lorem ipsum dolor sit amet, consectetur adipiscing elit. Vestibul um quis convallis lorem, ac volutpat magna. Suspendisse potenti. Sed lobortis sagittis ante, ut luctus elit pharetra nec. Lorem ipsum dolor sit amet, consectetur adipiscing elit. Vestibulum quis convallis lorem, ac volutpat magna. Suspendisse potenti.', '2015-08-25', 'http://www.fewlink.com/services', 'http://www.fewlink.com/services', 'shop');
INSERT INTO `portfolio_slide` VALUES ('81', '15', 'shop3.png', 'e', 'Integer sit amet commodo eros, sed dictum ipsum. Integer sit amet commodo eros. Lorem ipsum dolor sit amet, consectetur adipiscing elit. Vestibul um quis convallis lorem, ac volutpat magna. Suspendisse potenti. Sed lobortis sagittis ante, ut luctus elit pharetra nec. Lorem ipsum dolor sit amet, consectetur adipiscing elit. Vestibulum quis convallis lorem, ac volutpat magna. Suspendisse potenti.', '2015-08-25', 'http://www.fewlink.com/services', 'http://www.fewlink.com/services', 'shop');
INSERT INTO `portfolio_slide` VALUES ('82', '15', 'shop4.png', 'edfe', 'Integer sit amet commodo eros, sed dictum ipsum. Integer sit amet commodo eros. Lorem ipsum dolor sit amet, consectetur adipiscing elit. Vestibul um quis convallis lorem, ac volutpat magna. Suspendisse potenti. Sed lobortis sagittis ante, ut luctus elit pharetra nec. Lorem ipsum dolor sit amet, consectetur adipiscing elit. Vestibulum quis convallis lorem, ac volutpat magna. Suspendisse potenti.', '2015-08-25', 'http://www.fewlink.com/services', 'http://www.fewlink.com/services', 'shop');
INSERT INTO `portfolio_slide` VALUES ('83', '16', 'silicon1.png', 'v', 'Integer sit amet commodo eros, sed dictum ipsum. Integer sit amet commodo eros. Lorem ipsum dolor sit amet, consectetur adipiscing elit. Vestibul um quis convallis lorem, ac volutpat magna. Suspendisse potenti. Sed lobortis sagittis ante, ut luctus elit pharetra nec. Lorem ipsum dolor sit amet, consectetur adipiscing elit. Vestibulum quis convallis lorem, ac volutpat magna. Suspendisse potenti.', '2015-08-25', 'http://www.fewlink.com/services', 'http://www.fewlink.com/services', 'silicon');
INSERT INTO `portfolio_slide` VALUES ('84', '16', 'silicon2.png', 'rfgvrf', 'Integer sit amet commodo eros, sed dictum ipsum. Integer sit amet commodo eros. Lorem ipsum dolor sit amet, consectetur adipiscing elit. Vestibul um quis convallis lorem, ac volutpat magna. Suspendisse potenti. Sed lobortis sagittis ante, ut luctus elit pharetra nec. Lorem ipsum dolor sit amet, consectetur adipiscing elit. Vestibulum quis convallis lorem, ac volutpat magna. Suspendisse potenti.', '2015-08-25', 'http://www.fewlink.com/services', 'http://www.fewlink.com/services', 'silicon');
INSERT INTO `portfolio_slide` VALUES ('85', '16', 'silicon3.png', 'r', 'Integer sit amet commodo eros, sed dictum ipsum. Integer sit amet commodo eros. Lorem ipsum dolor sit amet, consectetur adipiscing elit. Vestibul um quis convallis lorem, ac volutpat magna. Suspendisse potenti. Sed lobortis sagittis ante, ut luctus elit pharetra nec. Lorem ipsum dolor sit amet, consectetur adipiscing elit. Vestibulum quis convallis lorem, ac volutpat magna. Suspendisse potenti.', '2015-08-25', 'http://www.fewlink.com/services', 'http://www.fewlink.com/services', 'silicon');
INSERT INTO `portfolio_slide` VALUES ('86', '16', 'silicon4.png', 'fgvbf', 'Integer sit amet commodo eros, sed dictum ipsum. Integer sit amet commodo eros. Lorem ipsum dolor sit amet, consectetur adipiscing elit. Vestibul um quis convallis lorem, ac volutpat magna. Suspendisse potenti. Sed lobortis sagittis ante, ut luctus elit pharetra nec. Lorem ipsum dolor sit amet, consectetur adipiscing elit. Vestibulum quis convallis lorem, ac volutpat magna. Suspendisse potenti.', '2015-08-25', 'http://www.fewlink.com/services', 'http://www.fewlink.com/services', 'silicon');
INSERT INTO `portfolio_slide` VALUES ('87', '17', 'travel1.png', 'wede', 'Integer sit amet commodo eros, sed dictum ipsum. Integer sit amet commodo eros. Lorem ipsum dolor sit amet, consectetur adipiscing elit. Vestibul um quis convallis lorem, ac volutpat magna. Suspendisse potenti. Sed lobortis sagittis ante, ut luctus elit pharetra nec. Lorem ipsum dolor sit amet, consectetur adipiscing elit. Vestibulum quis convallis lorem, ac volutpat magna. Suspendisse potenti.', '2015-08-25', 'http://www.fewlink.com/services', 'http://www.fewlink.com/services', 'travel');
INSERT INTO `portfolio_slide` VALUES ('88', '17', 'travel1.png', 'de', 'Integer sit amet commodo eros, sed dictum ipsum. Integer sit amet commodo eros. Lorem ipsum dolor sit amet, consectetur adipiscing elit. Vestibul um quis convallis lorem, ac volutpat magna. Suspendisse potenti. Sed lobortis sagittis ante, ut luctus elit pharetra nec. Lorem ipsum dolor sit amet, consectetur adipiscing elit. Vestibulum quis convallis lorem, ac volutpat magna. Suspendisse potenti.', '2015-08-25', 'http://www.fewlink.com/services', 'http://www.fewlink.com/services', 'travel');
INSERT INTO `portfolio_slide` VALUES ('89', '17', 'travel1.png', 'de', 'Integer sit amet commodo eros, sed dictum ipsum. Integer sit amet commodo eros. Lorem ipsum dolor sit amet, consectetur adipiscing elit. Vestibul um quis convallis lorem, ac volutpat magna. Suspendisse potenti. Sed lobortis sagittis ante, ut luctus elit pharetra nec. Lorem ipsum dolor sit amet, consectetur adipiscing elit. Vestibulum quis convallis lorem, ac volutpat magna. Suspendisse potenti.', '2015-08-25', 'http://www.fewlink.com/services', 'http://www.fewlink.com/services', 'travel');
INSERT INTO `portfolio_slide` VALUES ('90', '17', 'travel1.png', 'd', 'Integer sit amet commodo eros, sed dictum ipsum. Integer sit amet commodo eros. Lorem ipsum dolor sit amet, consectetur adipiscing elit. Vestibul um quis convallis lorem, ac volutpat magna. Suspendisse potenti. Sed lobortis sagittis ante, ut luctus elit pharetra nec. Lorem ipsum dolor sit amet, consectetur adipiscing elit. Vestibulum quis convallis lorem, ac volutpat magna. Suspendisse potenti.', '2015-08-25', 'http://www.fewlink.com/services', 'http://www.fewlink.com/services', 'travel');
INSERT INTO `portfolio_slide` VALUES ('91', '17', 'travel1.png', 'ed', 'Integer sit amet commodo eros, sed dictum ipsum. Integer sit amet commodo eros. Lorem ipsum dolor sit amet, consectetur adipiscing elit. Vestibul um quis convallis lorem, ac volutpat magna. Suspendisse potenti. Sed lobortis sagittis ante, ut luctus elit pharetra nec. Lorem ipsum dolor sit amet, consectetur adipiscing elit. Vestibulum quis convallis lorem, ac volutpat magna. Suspendisse potenti.', '2015-08-25', 'http://www.fewlink.com/services', 'http://www.fewlink.com/services', 'travel');
INSERT INTO `portfolio_slide` VALUES ('92', '19', 'accounting.png', 'THE NEW PRODUCT FROM APPLE COMPANY', 'Integer sit amet commodo eros, sed dictum ipsum. Integer sit amet commodo eros. Lorem ipsum dolor sit amet, consectetur adipiscing elit. Vestibul um quis convallis lorem, ac volutpat magna. Suspendisse potenti. Sed lobortis sagittis ante, ut luctus elit pharetra nec. Lorem ipsum dolor sit amet, consectetur adipiscing elit. Vestibulum quis convallis lorem, ac volutpat magna. Suspendisse potenti.', '2015-08-25', 'http://www.fewlink.com/products/details/3/school-management-system-sms', 'http://www.fewlink.com/software', 'accounting');
INSERT INTO `portfolio_slide` VALUES ('93', '20', 'rightlink1.png', 'THE NEW PRODUCT FROM APPLE COMPANY', 'Integer sit amet commodo eros, sed dictum ipsum. Integer sit amet commodo eros. Lorem ipsum dolor sit amet, consectetur adipiscing elit. Vestibul um quis convallis lorem, ac volutpat magna. Suspendisse potenti. Sed lobortis sagittis ante, ut luctus elit pharetra nec. Lorem ipsum dolor sit amet, consectetur adipiscing elit. Vestibulum quis convallis lorem, ac volutpat magna. Suspendisse potenti.', '2015-08-25', 'http://www.fewlink.com/products/details/3/school-management-system-sms', 'http://www.fewlink.com/software', 'rightlink');
INSERT INTO `portfolio_slide` VALUES ('94', '20', 'rightlink2.png', 'THE NEW PRODUCT FROM APPLE COMPANY', 'Integer sit amet commodo eros, sed dictum ipsum. Integer sit amet commodo eros. Lorem ipsum dolor sit amet, consectetur adipiscing elit. Vestibul um quis convallis lorem, ac volutpat magna. Suspendisse potenti. Sed lobortis sagittis ante, ut luctus elit pharetra nec. Lorem ipsum dolor sit amet, consectetur adipiscing elit. Vestibulum quis convallis lorem, ac volutpat magna. Suspendisse potenti.', '2015-08-25', 'http://www.fewlink.com/products/details/3/school-management-system-sms', 'http://www.fewlink.com/software', 'rightlink');
INSERT INTO `portfolio_slide` VALUES ('95', '20', 'rightlink3.png', 'THE NEW PRODUCT FROM APPLE COMPANY', 'Integer sit amet commodo eros, sed dictum ipsum. Integer sit amet commodo eros. Lorem ipsum dolor sit amet, consectetur adipiscing elit. Vestibul um quis convallis lorem, ac volutpat magna. Suspendisse potenti. Sed lobortis sagittis ante, ut luctus elit pharetra nec. Lorem ipsum dolor sit amet, consectetur adipiscing elit. Vestibulum quis convallis lorem, ac volutpat magna. Suspendisse potenti.', '2015-08-25', 'http://www.fewlink.com/products/details/3/school-management-system-sms', 'http://www.fewlink.com/software', 'rightlink');
